经度索引,纬度索引,count
34,55,511
57,60,4298
59,42,3762
62,28,19550
63,43,53464
68,42,2348227
71,37,1151816
75,51,196972
83,57,19100
85,44,435128
90,27,544
90,40,29477
93,35,9722
113,18,4801
125,7,850
28,39,32
42,8,305
78,8,4
27,68,443
49,39,1188
29,56,368
26,35,912
88,53,393
63,73,560
95,35,39
115,31,9
17,9,127
62,23,476
114,15,72
38,55,741
114,5,1274
104,72,153
37,56,15
96,63,241
60,24,165
124,8,344
89,8,54
42,6,14
88,13,43
122,35,431
99,58,644
50,67,20
116,63,21
87,63,864
103,59,76
124,24,253
121,71,27
38,76,38
19,27,70
95,15,5
118,41,20
66,18,16
25,39,1
124,77,1
34,31,10
121,78,14
104,43,10
0,13,14
47,77,13
114,50,1
87,79,5
45,36,2
7,19,1
126,12,1
60,75,10
37,66,11
6,14,37
126,36,359
39,9,4
43,82,8
78,81,6
65,42,224251
76,61,1361
78,44,9068819
83,38,5949339
84,54,98629
84,56,100054
90,51,4782
90,53,14695
92,66,4924
95,34,7884
106,22,3025
126,0,1236
28,38,85
39,68,1708
53,57,1017
62,29,40712
60,46,1232
79,20,445
101,50,129
104,63,1148
57,26,206
73,69,33
59,36,4331
92,39,18410
46,38,1151
70,19,467
35,48,1239
27,36,344
80,73,2284
47,7,162
110,40,45
21,51,33
42,55,245
29,0,90
94,51,196
101,27,79
103,24,190
3,31,6
92,23,26
39,20,42
91,18,9
89,17,29
98,50,258
58,9,7
59,62,2
51,67,5
45,52,5780
105,69,88
11,71,1
28,15,387
31,43,10
47,81,7
124,58,24
64,9,16
119,33,20
24,53,33
39,62,28
34,58,10
105,37,3
43,42,43
103,66,18
41,40,39827
54,47,22434
63,50,168384
66,7,5091
66,80,1289
69,31,1460614
71,60,26868
78,27,14619
79,41,8566858
79,55,2876
81,6,1637
81,40,9802492
88,32,57199
90,31,24163
94,28,25946
101,32,4093
26,45,43
36,27,208
52,13,4788
73,4,2166
74,7,277
55,29,2346
89,24,2327
16,21,339
121,12,1086
52,31,1272
93,39,1075
41,66,88
95,36,314
12,5,110
34,50,188
89,27,1783
57,66,322
107,68,192
128,47,293
94,26,281
42,65,1183
16,18,18
49,25,65
46,9,11
6,35,47
24,23,541
44,76,86
116,20,2
57,24,489
124,61,14
58,68,331
49,46,34
128,33,24
20,25,325
127,13,37
13,2,1
105,23,54
30,8,23
122,36,56
35,43,40
78,69,23
54,8,37
52,52,115
12,20,6
124,63,18
64,13,13
112,12,9
120,40,75
119,54,10
122,34,6
101,58,1
114,3,13
107,13,1
121,3,3
39,52,4
124,21,16
53,41,6449
62,44,20012
65,23,15018
69,16,9177
69,21,13510
70,65,17405
73,26,70371
89,45,4088
91,61,4472
93,40,18851
122,13,11060
59,34,8533
99,64,8427
92,45,661
48,17,549
64,69,335
95,43,223
66,57,915
105,6,13
117,3,1350
37,51,60
21,13,465
40,12,192
63,6,121
29,26,342
23,31,3028
96,33,176
56,60,1251
92,80,166
62,73,310
113,36,26
55,74,597
104,76,72
107,48,26
109,47,82
57,30,165
93,25,656
109,78,78
45,78,79
34,15,36
110,45,40
43,6,35
44,55,29
114,21,27
94,56,82
82,7,5220
15,3,114
44,60,8
26,65,26
11,9,23
77,73,18
58,16,8
100,16,28
74,80,3
77,79,39
12,33,2
1,14,23
112,50,4
122,20,67
19,58,1
26,8,13
9,53,2
104,3,6
39,39,17076
67,70,4314
69,58,1729
72,39,11152284
73,21,1419
73,45,5924416
76,54,83628
78,51,11444
89,57,15490
89,58,19993
96,29,27424
122,12,7240
127,6,2604
25,46,58
34,24,3704
34,72,1959
36,30,591
43,67,1789
74,1,406
75,13,1818
97,10,110
98,80,1245
104,15,1294
97,4,159
97,55,107
65,80,1292
105,8,67
105,9,10
117,4,404
94,33,620
46,59,57
10,5,107
97,63,1674
32,50,126
37,12,211
34,40,26
53,36,365
107,69,625
108,67,200
108,69,909
43,34,454
92,51,680
80,56,618
64,21,170
115,15,82
85,73,126
18,79,7
47,40,227
105,70,65
87,25,173
96,7,12
67,74,242
3,32,9
95,64,1154
43,80,847
84,80,21
40,19,191
59,4,1
6,6,2932
112,23,1086
114,20,15
73,75,17
37,7,41
39,2,7
108,1,57
8,36,4
108,36,43
55,60,64
103,58,253
116,79,42
46,60,7
78,5,28
19,19,1022
96,24,37
89,79,26
82,78,37
120,79,26
15,10,9
45,43,36
41,19,1
86,13,24
86,74,120
8,14,29
124,55,4
114,60,26
85,69,13
53,16,29
91,71,1
100,10,5
37,75,22145
45,74,927
52,40,4749
55,0,1979
57,46,79576
63,36,13345
65,43,137765
69,67,2291
71,65,12450
72,19,1331
72,49,944199
75,22,21216
76,52,317827
79,52,31726
80,46,4564119
81,30,13481
84,31,16224
89,31,30960
89,36,10501
98,44,19083
113,47,2206
25,45,50
27,45,48
34,37,792
41,36,8538
50,58,491
54,11,3260
58,54,1246
116,55,361
48,54,182
95,74,2818
102,14,23
80,10,16
83,74,1115
61,80,489
31,42,163
53,38,290
11,1,128
75,18,86
48,82,347
56,78,115
7,30,8
87,71,36
45,80,76
108,57,30
51,82,28
91,47,629
55,41,67
46,66,1
33,8,11
34,11,31
38,53,16
54,66,96
75,63,124
67,20,320
13,52,2
34,44,1032
27,61,120
19,28,12
107,34,21
103,55,13
31,48,6
37,23,13
79,78,8
18,4,119
123,24,19
2,44,1
7,14,9
88,82,4
24,9,9
94,21,4
110,27,4
33,39,10
110,43,1
36,3,185
36,4,290
62,33,40049
64,43,34170
66,22,6699
67,27,59767
67,37,354011
71,25,24899
72,51,57438
74,26,102703
76,21,10011
78,42,8951750
80,34,2456742
81,2,2428
81,44,2219944
81,50,795850
82,47,725246
84,52,67653
87,54,17752
98,34,8762
104,25,2465
108,61,5614
120,10,1210
123,6,1711
36,31,751
36,34,1696
49,33,99
85,24,526
61,61,3059
64,60,452
84,61,2429
91,68,1579
96,4,1272
55,25,792
97,29,3117
53,63,2084
75,1,163
97,39,244
71,27,1896
127,45,155
58,52,942
43,12,464
109,70,17
112,60,73
35,50,8
78,1,224
51,30,533
33,82,78
66,67,221
16,72,112
127,46,115
61,74,33
95,46,64
39,44,4
67,17,13
128,64,129
49,49,17
95,62,93
121,17,507
115,78,3
32,42,14
88,6,9
76,76,5
121,38,1163
119,77,3
39,16,10
42,63,7
30,2,3
3,17,33
114,4,4
78,74,4
33,5,1
32,57,301
33,57,338
40,76,514
58,38,6752
61,56,28441
62,64,13084
68,54,4358
69,48,430355
70,24,7372
70,43,4795590
74,62,293
79,36,4060338
79,63,2612
86,42,338260
104,27,3230
104,52,2415
106,61,4531
111,22,2637
60,33,1877
86,29,1020
87,37,26750
45,9,552
60,36,4850
90,7,739
93,1,4368
86,54,12514
98,43,1156
58,24,322
71,19,383
63,82,730
52,36,96
55,33,1959
98,57,444
23,57,146
27,80,53
102,1,2942
114,35,52
70,9,3
103,47,218
60,4,24
28,60,184
22,66,1
112,9,1
127,11,520
100,60,380
117,64,115
97,79,87
8,8,7
116,67,11
117,78,17
46,4,15
49,16,56
102,5,9
51,7,2
111,32,117
77,62,56
15,1,53
20,2,1
64,65,183
87,9,1
41,6,1
38,78,560
45,57,519
52,46,14865
54,71,953
55,43,6221
58,45,55564
61,33,12361
64,37,46914
66,53,25371
67,42,1689128
67,56,27626
69,34,1183438
71,48,775569
74,29,704785
75,55,77887
77,48,1057719
77,59,11532
79,33,1420731
80,36,1746154
81,8,1816
85,32,196362
86,32,65567
91,54,8856
92,55,19535
112,22,3445
121,44,3586
24,47,34
42,21,34
45,5,125
100,4,40
21,27,1610
25,58,210
80,80,299
61,78,231
72,68,268
50,11,988
64,5,98
84,71,490
117,28,27
10,7,79
58,49,405
80,74,636
83,81,3
46,40,208
15,26,37
49,55,90
116,64,92
124,3,23
34,19,12
117,41,361
124,22,52
67,6,187
16,77,1
58,78,41
24,64,23
50,35,60
111,10,66
85,5,26
82,65,2
101,52,1
111,81,2
98,7,1
62,81,11
36,0,1
35,79,2354
39,6,353
53,42,5345
56,70,1179
61,37,44121
64,39,23993
65,55,37776
68,29,40919
68,34,351368
71,34,85853
74,19,2873
74,38,5659383
75,57,7880
80,42,5377852
82,18,531
93,27,8153
117,19,985
37,82,48
73,18,476
98,63,3446
101,76,3919
95,75,1038
83,13,2970
98,78,674
23,29,1531
68,61,226
46,16,286
81,79,506
85,22,478
56,27,868
79,57,406
96,53,1164
106,43,107
107,65,25
108,68,90
45,37,288
50,36,51
18,77,31
17,15,10
84,72,70
0,42,2338
15,27,506
86,79,130
37,21,16
118,42,171
63,0,118
18,25,15
127,66,2
38,8,23
79,68,110
98,52,534
41,51,33
120,21,44
100,42,284
83,7,146
104,23,3
22,27,31
71,4,50
77,65,21
107,5,14
66,70,60
26,38,4
127,41,429
75,71,25
43,63,1
114,14,44
99,55,2
25,48,17
32,64,1409
52,71,771
54,70,1052
63,55,18320
66,58,21991
67,10,1918
67,39,1101172
69,18,11870
70,27,10329
73,54,8067
74,25,114655
75,38,9114081
81,32,7740
83,20,6262
83,30,61082
89,50,55757
97,34,12685
109,22,2819
112,19,3372
120,7,171
28,40,45
31,25,320
96,80,702
14,10,279
92,78,318
80,79,696
119,8,667
27,64,657
15,5,3438
98,35,181
77,14,927
19,11,444
98,58,471
115,32,30
24,12,44
59,49,128
56,50,119
32,66,1108
51,17,679
70,10,9
97,5,6
128,46,8
99,32,323
70,0,7
96,3,95
84,19,355
91,21,42
64,16,92
54,65,52
126,51,4
61,2,10
83,17,5
92,24,47
71,7,10
80,7,51
74,12,15
29,16,71
33,34,21
31,44,10
46,70,16
66,12,73
128,29,9
18,55,167
56,71,42
36,23,13
61,19,138
3,11,23
100,59,56
71,10,19
42,15,2
85,13,24
37,17,1
53,23,97
4,5,4
123,61,4
116,49,1
36,77,26391
47,57,1070
52,41,1639
53,46,12387
59,59,18039
62,54,26506
64,77,31686
65,19,6691
67,4,11504
67,40,270079
71,16,134
71,35,90587
76,49,552034
76,55,3364
81,67,2432
82,43,2595218
84,35,985283
88,56,20094
100,47,3343
103,30,4004
111,57,5358
118,17,2034
36,78,6913
41,25,4
94,78,456
123,64,765
52,23,1038
80,13,21
121,10,248
82,73,548
83,73,3088
106,18,766
49,48,119
52,29,5657
74,2,349
99,28,218
41,65,202
93,34,611
126,45,911
33,49,592
34,48,736
63,76,147
109,15,160
89,71,116
19,78,1
23,80,44
51,22,36
51,24,12
45,71,19
9,30,13
106,68,35
35,40,21
124,7,519
125,5,915
98,16,8
95,25,6
125,35,60
54,67,1162
50,66,3
21,25,113
22,24,31
123,31,536
124,13,9
30,22,41
31,17,10
101,57,73
104,65,25
47,2,17
47,69,25
109,8,5
122,8,8
39,81,15
67,80,19
56,52,55
23,25,9
32,71,35
95,11,14
88,12,3
42,31,2
41,17,9
47,78,45
103,6,1
92,10,1
94,9,52
119,31,8
23,45,13
43,41,11482
55,57,5133
56,57,11414
58,58,22530
60,11,718
75,26,198927
77,35,5959828
78,48,413156
80,64,4432
83,34,1800320
90,36,10905
90,54,5837
117,15,6970
43,66,198
66,28,3985
68,72,1001
73,59,12427
84,59,17555
26,33,4584
65,60,331
92,70,2116
79,10,4
14,11,939
17,22,322
30,67,12971
65,57,1375
85,23,513
91,46,3326
22,9,18
94,32,16628
62,26,1698
46,63,288
29,11,229
89,22,172
79,0,104
79,2,2019
98,47,30
55,34,447
71,5,58
55,50,114
90,78,497
24,22,16
15,28,52
87,24,51
115,19,5
99,66,1
56,12,444
83,28,17972
100,30,22
98,79,98
78,67,25
128,19,5
97,25,24
45,21,27
121,16,168
82,61,17
122,71,12
125,66,16
114,78,42
89,82,38
123,8,8
57,11,112
33,44,9
112,20,28
51,8,39
72,0,21
108,23,1310
28,73,21
59,70,206
115,60,1
38,18,3
115,80,1
57,21,43
100,43,24
46,56,5
23,59,4
100,74,3
91,1,405
121,31,45
29,75,55
107,35,12
30,81,426
34,80,1414
50,64,15004
54,48,19056
55,59,4604
59,56,9457
62,30,193913
64,44,302145
71,46,4917936
78,25,988
78,34,1339601
78,59,32056
79,39,11420549
80,66,707
82,38,4101741
82,48,224165
83,49,211854
37,77,10146
39,36,6649
63,27,846
69,77,1926
124,45,775
95,79,153
51,62,506
86,20,3085
91,5,420
24,56,1850
52,44,11761
58,39,2881
80,20,789
114,18,54
59,27,1892
88,54,786
62,60,54
77,60,105
22,31,1459
84,62,441
112,58,153
66,68,372
81,15,349
113,25,30
17,78,35
21,79,31
9,29,10
90,35,633
62,8,400
56,24,27
63,5,14
56,0,77
56,20,29
36,61,371
87,12,106
77,63,112
128,31,59
128,18,34
107,77,17
59,64,373
58,17,277
100,55,329
51,36,168
107,30,22
47,9,5
95,14,2
126,81,2
105,46,2
34,28,8
29,63,427
30,63,347
38,39,6928
60,31,6409
60,40,6798
67,41,150115
68,43,2513768
72,34,62523
75,34,2170266
80,35,1580634
80,38,5003526
83,43,1955966
85,20,3845
102,24,3784
105,24,3789
35,33,4085
73,3,2695
82,17,229
111,50,1171
110,65,606
25,29,1665
39,50,7585
59,28,3541
85,61,2128
64,61,220
53,35,774
27,34,749
77,15,1340
33,33,30
54,31,140
100,13,11
77,8,692
71,56,2171
49,26,68
39,55,22
36,54,14
20,36,248
85,27,329
103,28,903
106,77,52
81,60,728
35,21,34
126,2,128
122,50,27
46,13,20
86,68,25
80,1,4
93,19,1
48,22,463
68,6,122
112,53,1
1,40,9
53,27,140
97,17,8
73,80,5
76,64,112
99,68,20
117,61,11
12,44,18
22,73,3
63,46,23045
63,67,5555
66,39,510895
67,58,30391
71,18,2363
74,45,5528527
78,47,1745341
88,33,98909
89,43,1107
62,50,8744
74,5,1733
86,43,7959
78,19,3496
104,20,37
102,2,321
49,66,752
54,35,307
70,17,150
91,20,2
25,56,1049
21,78,73
87,52,2202
94,53,78
114,45,9
57,22,268
47,34,11
49,78,109
60,78,46
38,47,1
6,1,15
104,60,48
59,63,179
97,24,10
83,16,48
60,23,17
73,60,127
103,35,7
64,66,18
27,46,4
76,78,127
1,15,21
127,82,32
76,74,4
0,56,4
100,21,2
111,14,1
47,58,1080
47,68,6212
56,48,3771
57,70,1132
62,34,82603
62,48,29861
63,17,4089
64,74,1411
65,21,731
66,31,14886638
66,52,57201
68,51,111985
77,30,1654386
81,33,288028
87,45,194687
89,39,659
99,40,5807
49,60,392
59,32,12942
74,0,601
82,59,2992
102,6,115
113,5,123
68,77,435
23,69,1807
47,49,37
52,30,1601
88,28,2358
96,23,79
28,58,5730
51,42,1353
30,69,293
105,5,5
103,25,159
104,73,127
58,14,756
93,52,9
83,80,24
116,19,7
60,22,183
85,68,186
91,74,110
114,11,1
13,39,42
102,12,222
99,51,865
60,64,324
83,23,432
54,37,3
93,63,15
95,33,43
87,78,1
77,3,41
98,54,21
31,70,32
30,48,29
123,4,34
103,51,50
92,12,8
49,3,2
122,28,57
37,61,6
39,42,13
47,4,1
31,46,1
118,31,1
15,22,13
109,24,3
101,9,2
119,50,15
35,64,1514
38,77,3284
44,41,10987
59,45,39548
60,12,11313
61,27,24563
62,51,32761
63,28,14099
67,31,2337316
74,28,211056
74,49,537290
82,31,23218
84,46,122044
92,42,3980
93,55,5262
108,21,2489
32,68,3699
35,27,172
83,51,17686
89,11,326
99,1,1591
6,2,139
68,20,749
69,79,416
79,65,523
45,17,183
78,0,1101
17,10,13
31,53,13
70,59,697
87,35,8018
86,64,441
105,44,453
77,7,1629
93,59,105
31,36,74
40,55,118
61,44,629
109,52,116
60,7,49
98,17,11
32,23,15
59,65,26
90,55,298
32,15,1
26,21,18
102,21,71
71,68,25
98,23,8
21,56,13
54,23,5
22,26,9
11,34,39
107,11,26
22,3,205
126,19,47
47,35,22
111,80,1
90,3,8
29,3,1
42,59,19
101,23,5
1,21,2
16,1,1
19,62,12
37,55,552
40,73,8710
64,29,130765
68,58,22809
71,59,18709
75,30,791178
75,31,304954
78,33,471811
80,28,13880
82,72,6180
83,42,2272562
85,53,3161
85,57,102421
86,52,23787
91,29,31903
91,32,24796
91,65,9160
98,45,6881
101,25,2964
108,55,1114
114,46,3575
115,44,1773
120,15,2576
122,44,7288
33,37,818
36,33,602
53,58,932
63,26,1213
68,75,563
26,32,2238
96,73,5855
100,79,511
95,56,66
38,41,1629
41,42,301
56,34,475
28,64,985
96,10,31
100,44,342
31,77,265
76,60,3363
97,46,1163
32,11,196
77,9,601
114,32,18
46,27,356
112,27,11
18,60,1881
55,54,803
30,66,297
27,1,51
8,37,203
73,16,148
128,45,99
64,27,149
103,23,2882
103,26,72
118,3,218
4,29,9
66,65,45
108,49,70
126,3,140
126,4,333
46,77,86
33,22,30
102,51,11
75,61,36
113,65,173
99,43,114
51,28,5
8,10,25
45,24,41
117,70,4
12,19,120
59,78,397
63,8,17
21,24,15
47,37,38
36,50,267
115,14,5
127,52,7
62,18,44
51,74,2
37,19,24
105,32,3
58,71,3
45,45,921
108,74,1
120,31,28
54,44,28098
66,75,7494
70,22,16489
75,43,10517256
75,56,18748
79,43,6996904
82,34,1657437
86,41,236868
90,42,9001
91,55,12616
91,66,12755
123,44,2223
124,44,3400
28,41,11
49,32,1359
79,16,1302
80,15,6034
15,15,298
63,49,393
84,77,221
52,65,523
97,15,19
33,12,144
104,58,288
71,23,223
57,64,416
111,60,152
81,69,42
91,51,3031
121,45,328
111,24,22
47,21,130
42,10,11
106,39,123
93,73,78
7,36,287
118,4,48
105,47,111
81,81,165
116,41,39
98,36,145
41,82,82
94,71,80
84,10,28
102,57,39
46,5,12
56,10,79
100,56,153
31,12,6
0,10,207
103,75,27
57,72,10
41,28,16
9,79,4
49,8,78
2,17,4
22,60,446
113,67,5
19,50,2
39,56,558
54,3,5852
64,34,45572
67,49,324585
71,53,83975
73,41,3696421
82,3,1777
82,55,14369
82,68,2874
88,44,11095
90,30,21511
90,50,20066
97,26,6943
108,22,8132
28,44,107
33,36,6008
69,76,1069
93,38,1355
94,81,581
80,14,550
72,77,207
95,37,170
53,59,192
80,17,64
113,54,1
104,18,680
49,38,309
86,50,502
104,0,9
20,35,37
5,29,19
19,30,16
115,43,62
39,64,8
7,5,146
59,73,3
60,73,140
99,25,5
117,63,813
102,75,6
66,13,1
95,24,68
36,6,3
102,20,143
115,36,73
98,38,1
100,38,26
42,78,14
30,25,81
42,28,63
101,43,39
65,13,5
45,82,39
32,19,47
33,1,283
53,15,6888
62,47,1882
66,77,15841
70,40,3685263
74,24,23548
74,43,7442546
76,59,10259
77,26,504176
78,24,6666
81,21,15561
83,45,27018
83,70,5769
86,36,210146
87,41,124711
98,26,7292
40,26,158
115,56,2369
119,48,141
94,74,717
62,42,30962
84,4,1873
99,78,416
122,10,3109
67,25,3297
81,77,286
104,6,71
52,70,751
48,38,868
51,59,476
118,23,5860
24,51,181
43,26,145
52,75,944
127,39,86
33,20,109
49,37,108
53,81,48
49,77,10
76,5,219
38,4,6
48,14,6
118,0,580
50,73,43
65,8,23
38,73,14
47,71,17
122,49,115
4,0,4
20,42,7
97,22,2
120,23,24
117,80,2
113,24,6
76,8,19
62,82,23
106,31,15
51,45,15284
51,50,1743
65,56,3884
65,61,2632
68,28,30198
70,29,83607
71,41,3908846
72,64,5712
73,47,2687036
79,34,2219534
79,37,12692081
79,42,7610729
82,70,408
83,41,906152
95,38,1388
107,55,2402
34,67,1777
36,28,271
58,1,470
70,20,640
73,2,2635
97,80,489
93,78,153
78,17,735
101,36,709
26,51,399
42,12,1276
117,23,225
30,57,128
28,27,134
63,68,160
118,26,73
44,36,766
86,26,212
29,67,789
76,4,36
127,48,27
128,38,13
114,52,419
51,31,34
44,80,213
63,75,176
100,58,208
60,1,9
125,51,5
26,18,2
21,39,2
62,68,3
99,16,19
20,55,18
122,33,1
6,0,79
75,73,25
53,65,34
38,16,226
21,16,2
124,33,774
28,46,1
42,52,30
16,0,1
82,10,1
85,72,1
30,47,2
31,81,751
38,56,1022
52,62,12727
58,20,9290
62,57,30805
65,35,392236
68,44,636292
69,38,2542071
69,50,156240
72,55,3168
73,29,601778
74,52,42625
77,51,304161
81,49,131337
83,40,1818699
86,34,139326
117,44,4183
28,42,2
55,52,152
58,32,3715
79,24,1229
79,50,40347
92,30,7591
107,64,4403
44,9,413
85,7,2368
87,19,1205
15,19,341
36,73,512
20,15,745
93,0,48
63,62,610
27,50,583
28,12,140
58,67,86
77,13,609
101,35,461
87,43,671
113,61,36
114,23,64
118,27,55
96,42,497
113,75,1
31,32,48
86,73,83
19,80,15
73,9,20
82,22,70
106,48,492
32,18,19
64,1,379
80,77,9
55,79,65
83,5,83
1,79,4
40,31,5895
111,69,40
97,27,50
43,55,3
27,16,8
29,33,172
61,20,29
118,38,33
79,70,108
98,27,26
98,0,556
21,49,30
26,13,64
110,31,1
107,58,12
105,3,8
61,16,39
116,74,5
46,25,18
106,57,7
63,34,53373
63,41,3570
64,17,4203
64,63,3380
72,37,1927492
73,46,841761
81,46,770038
91,27,2840
51,13,3233
57,61,8147
68,71,883
108,53,271
99,2,300
101,31,64
125,45,625
27,66,889
40,32,8063
38,12,182
42,35,1186
88,65,51
48,11,1
73,14,3
86,1,103
101,28,140
107,82,97
14,38,136
105,48,73
97,2,101
124,42,67
64,26,136
55,39,415
96,13,6
98,19,1
100,29,2
46,30,29
91,37,127
39,78,851
51,48,84
46,61,406
77,2,23
111,31,5
65,11,35
84,65,1
119,79,5
93,11,29
127,55,3
113,43,1
43,29,11
116,46,1
28,31,12
34,64,1019
35,2,303
51,51,1363
57,43,54430
64,41,27164
66,23,12228
68,26,3816
68,67,11061
69,46,665894
69,55,3556
71,43,3042365
73,40,5134541
79,44,5329347
82,53,206982
84,41,518556
102,32,2292
125,9,484
126,1,1041
29,38,44
32,36,2443
35,76,2482
54,33,101
72,26,2345
116,56,1352
57,42,8180
112,66,346
43,9,333
50,23,613
55,30,917
71,55,2622
101,2,524
105,11,243
52,43,6142
69,80,568
81,76,307
36,71,95
39,70,126
26,43,40
27,38,28
60,79,117
86,27,145
99,48,70
57,51,42
89,77,296
93,79,288
18,78,12
22,79,63
28,82,150
14,51,5
45,73,190
44,77,127
41,29,37
78,75,14
125,21,76
53,34,42
127,26,4
68,18,105
45,34,647
88,21,643
55,82,33
40,75,175
103,57,8
108,5,33
117,30,6
108,46,8
97,14,10
72,8,37
29,62,2606
35,78,9106
37,76,6659
51,64,8210
58,56,4278
64,76,17822
66,72,14083
67,38,141292
72,52,51169
73,35,4313841
74,23,24506
81,5,1284
81,29,2341
82,23,131
82,42,2269088
85,40,915342
91,36,7886
100,76,673
57,40,414
94,73,2703
103,79,2703
110,63,8923
87,22,688
121,9,3897
15,20,251
40,47,303
94,44,129
48,49,67
17,45,2
92,50,1815
58,35,536
48,42,1397
59,74,92
104,1,61
1,31,234
105,4,149
106,5,109
44,32,2048
33,26,767
34,23,450
1,1,64
121,32,62
121,18,105
25,66,10
109,58,119
119,38,94
65,1,62
19,20,13
47,25,11
127,31,5
105,1,1
48,35,23
78,80,17
61,66,2
23,11,5
100,7,3
49,71,3
104,35,2
14,17,2
100,48,34
34,78,29582
54,46,30144
72,54,13433
76,42,15756466
82,52,41715
90,39,69983
90,46,7475
100,61,5186
109,60,981
124,4,1449
124,5,1868
29,34,4767
36,39,2614
36,67,1751
40,33,625
59,54,4606
123,47,3458
37,43,939
43,18,725
102,67,168
23,6,13
27,65,1066
93,47,1259
86,67,124
15,9,7
28,57,914
105,55,285
27,37,4
69,8,32
52,56,138
112,65,61
57,77,82
67,76,673
75,77,53
102,16,220
5,5,176
110,51,101
42,11,116
41,46,57
10,9,16
106,7,5
76,67,4
25,27,12
97,58,28
41,10,16
41,75,3
127,20,21
33,47,52
44,78,8
31,2,12
32,56,7
93,10,13
120,30,96
90,20,3
39,40,8170
41,56,629
45,69,6280
57,41,8509
59,57,34934
62,16,2398
62,53,40878
63,35,109619
70,32,1867600
71,22,4356
71,38,3848697
71,66,26985
75,48,2626016
75,58,5050
76,20,3502
78,60,11718
78,61,274
81,22,20128
85,51,45207
86,44,264156
91,25,4215
95,30,132835
101,24,762
28,34,2662
53,32,3472
89,10,384
67,72,412
106,2,125
53,69,721
31,78,285
42,60,157
103,44,1021
32,32,43
96,52,496
114,80,12
31,34,16
107,9,33
36,72,121
5,35,264
107,4,50
98,31,999
10,28,24
109,45,92
93,50,157
120,33,253
126,55,44
53,68,9
120,18,8
7,8,15
70,14,11
80,0,1
87,77,45
88,7,2
121,60,3
70,4,31
46,80,5
81,80,175
113,3,33
94,14,245
13,47,2
113,12,336
99,52,4
103,65,14
55,55,6
123,37,189
125,50,1
51,55,41
38,28,38
98,20,1
98,15,1
41,38,6079
77,39,9967768
124,6,1560
31,67,52910
102,77,987
111,63,10387
127,65,341
128,66,138
15,18,317
69,60,913
56,38,256
83,78,69
103,2,231
107,52,227
58,25,664
45,59,226
102,43,66
29,57,166
110,69,15
113,57,273
26,55,195
28,66,430
22,52,50
102,66,79
34,21,170
36,21,98
54,81,54
118,20,1
127,62,133
127,33,41
109,51,77
115,65,96
45,23,54
126,17,32
46,50,19
59,8,24
60,16,51
84,17,69
76,68,8
82,20,59
19,55,3
50,9,18
51,25,45
97,20,1
42,72,1
118,32,11
46,49,1
35,47,25
99,18,2
106,32,11
30,61,412
41,72,7982
42,56,1108
54,4,5658
54,45,55277
60,41,22134
61,13,5433
63,40,2926
64,32,185557
66,41,48428
74,22,4205
79,54,3608
84,42,247757
84,55,46888
90,38,18497
125,44,2249
68,73,966
22,33,86
101,13,9
80,12,35
85,9,1745
33,71,1008
34,75,7147
52,69,51
60,50,178
8,6,449
93,61,370
29,60,1021
28,26,116
109,72,79
127,47,508
45,27,278
111,15,118
88,51,2415
54,29,23
99,67,40
122,9,1681
35,68,74
100,27,97
96,20,40
87,13,142
45,31,16
104,68,4
43,54,19
126,24,188
128,23,25
28,17,19
29,20,13
86,77,6
87,11,253
27,60,60
16,2,19
55,21,50
100,37,9
92,11,40
120,36,1
127,43,58
5,17,3
64,12,11
63,29,42842
64,35,170108
67,48,57936
69,51,72172
70,36,185969
71,50,260666
75,47,1139566
76,31,2418777
78,31,18653
95,58,12585
112,47,3775
29,42,26
39,38,6873
56,35,2230
56,61,5361
97,32,5465
106,82,3391
81,59,24127
86,10,2143
91,56,883
64,78,4034
67,14,831
72,3,255
80,81,473
84,78,33
119,14,580
47,38,450
53,72,270
32,31,8
43,33,396
114,27,1037
97,33,283
88,72,201
104,70,85
69,10,7
72,9,86
72,10,1
76,6,41
112,46,29
58,63,1
121,19,6
46,37,18
29,6,9
32,43,1
100,54,44
93,22,38
108,38,43
94,15,60
37,32,13
32,14,6
111,54,4
40,60,30
60,5,14
112,54,1
90,19,48
40,72,1917
46,58,1173
49,54,1436
50,51,663
57,58,2848
60,32,2120
60,43,89687
71,39,5538296
75,33,1608945
79,47,2977674
81,55,5441
86,45,1195022
94,66,13787
100,46,3988
32,67,8301
57,3,362
61,58,15161
104,49,3250
43,4,92
100,78,997
109,65,335
100,1,722
13,9,300
22,29,1565
80,19,269
18,19,1132
96,38,2301
73,5,115
86,61,1793
47,63,1442
78,57,100
116,23,657
57,54,665
34,33,85
97,59,2961
68,66,124
22,58,619
48,8,99
116,15,86
50,17,465
19,76,77
17,21,4
88,24,13
53,74,583
61,77,37
65,65,37
51,66,403
34,14,25
112,45,68
60,9,94
83,19,34
55,80,62
88,14,94
30,9,55
43,61,57
57,69,1
47,59,47
80,2,258
120,20,40
123,3,37
43,45,20
91,53,206
54,55,13
117,69,11
100,0,66
82,19,106
123,32,354
117,49,35
44,45,22
53,76,70
28,68,4
32,34,21
120,35,4
91,13,109
85,4,62
35,45,4
41,58,21
32,46,195
63,81,61
112,43,1
40,10,12
78,13,1
122,76,6
36,76,15974
48,56,1187
49,44,4019
55,48,13745
62,32,82360
69,36,1186911
74,47,2997257
79,45,3091184
82,40,3834060
87,34,46784
100,40,3732
117,20,2077
125,1,999
81,56,62305
109,3,147
115,0,12
52,67,582
93,3,27
32,52,107
36,46,800
57,68,3
28,29,32
30,26,209
36,49,28
68,11,124
112,64,53
45,6,31
44,42,64
108,51,927
112,7,2
53,82,62
43,62,15
80,3,7
24,66,65
58,65,45
119,62,1255
50,40,67
50,30,7
2,43,669
75,64,229
47,47,1
128,15,12
22,48,16
106,72,8
59,60,3
46,2,5
74,67,60
3,18,59
31,10,79
39,8,30
103,34,20
58,11,1
45,60,22
30,49,1
117,46,120
35,80,1808
36,79,753
65,39,209517
65,51,103752
68,52,91267
71,36,2313730
74,34,2134279
81,36,1507319
83,29,9846
83,52,64455
84,33,269473
84,37,3223050
87,59,30641
88,31,59844
94,57,13900
96,67,830
110,57,2175
124,11,4543
59,58,16646
70,78,1238
124,47,2844
51,57,312
93,58,290
94,79,154
109,55,213
54,28,178
64,70,301
89,15,1593
97,56,122
98,2,222
98,75,3597
102,7,95
105,13,890
15,13,354
24,29,2074
69,61,1038
101,49,150
85,78,481
54,62,2728
88,19,29
69,69,1013
26,52,166
110,72,15
76,18,4
80,23,269
87,64,340
63,21,670
76,17,476
31,63,197
27,0,13
51,19,101
14,28,3
86,71,40
55,22,47
54,80,29
58,62,2
81,68,20
122,26,22
47,33,75
90,62,195
58,64,129
38,71,23
110,74,8
46,46,20
103,46,2
124,53,5
27,69,79
118,47,5
46,57,2
80,61,13
16,62,2
69,73,2
50,45,3559
50,52,1744
62,43,150615
62,55,21350
69,19,9883
71,64,7864
73,62,169
78,39,11863146
81,38,1198687
90,61,7155
41,37,3175
73,82,1322
122,56,1296
41,2,89
53,56,78
101,11,1
109,64,2241
111,66,155
126,64,737
47,11,931
61,41,5949
89,12,428
15,17,309
90,57,2298
20,14,3394
35,73,378
71,81,451
117,6,320
93,36,986
89,41,2360
34,49,1136
97,47,118
24,50,217
41,12,482
69,13,2514
63,60,71
109,40,9
11,38,163
86,78,45
123,17,141
34,20,52
76,70,1
52,76,33
126,61,172
128,62,135
41,73,1
45,25,161
31,23,32
128,13,21
54,61,2576
18,28,3
14,3,67
116,9,15
83,66,48
56,79,9
59,67,1066
59,20,164
52,8,33
37,27,3
108,11,5
93,76,2
121,49,76
89,19,26
75,79,13
27,47,4
54,19,3
30,32,1
104,12,2
117,12,1
89,68,5
30,64,1422
38,6,545
63,16,5205
64,50,43329
65,32,8068
66,33,153526
66,46,4159
75,23,40074
118,25,1068
121,7,2651
33,27,556
37,26,81
52,57,1073
82,49,19075
124,56,798
83,61,1768
40,7,403
101,6,246
19,25,2017
53,62,798
22,7,6
57,23,70
31,54,101
49,51,776
51,1,86
42,34,266
116,65,490
20,60,133
56,59,1099
28,11,33
19,82,14
59,76,442
17,36,270
70,13,159
20,30,52
25,34,108
98,25,20
98,82,47
107,7,8
90,16,60
49,82,23
63,74,346
71,12,22
82,77,5
82,24,140
40,15,2
119,42,41
43,44,248
91,15,88
59,48,40
97,51,37
93,80,8
77,69,45
5,2,40
6,4,10
93,14,1
110,55,4
126,26,1
103,53,93
26,57,75
22,68,7
33,59,39
113,73,1
89,67,14
28,63,1223
54,2,2125
55,7,4756
60,54,10127
61,55,32408
70,50,66533
70,51,172779
72,23,43906
72,65,4614
74,31,355480
74,37,8486396
76,32,3857613
77,46,4096959
81,20,2283
81,53,253401
82,54,106852
74,6,3360
97,72,11816
121,56,3864
74,57,36590
40,6,42
48,15,1230
78,20,4121
55,10,883
59,47,757
50,47,9
77,0,13
88,52,1469
26,12,218
30,50,528
39,72,152
63,7,187
73,61,3883
55,37,27
57,50,106
52,16,1665
78,70,2
105,39,174
102,71,52
116,7,236
64,10,136
107,81,88
46,54,282
80,18,698
57,13,797
98,66,1557
86,80,62
52,17,62
93,60,73
45,8,2
25,22,44
121,34,116
47,29,82
87,20,66
82,25,372
117,50,157
21,12,155
85,15,78
47,36,13
49,36,39
104,36,1
126,37,3
128,14,10
39,22,11
91,11,22
94,11,37
106,28,9
62,70,21
86,76,1
10,51,3
39,27,13
100,53,37
111,7,3
24,10,38
11,18,8
127,22,3
43,69,3109
45,58,252
64,42,197328
67,33,118858
68,23,8517
71,57,7869
74,41,9263900
75,19,1245
77,32,311971
77,50,270674
78,58,38602
82,16,2151
85,49,79635
89,29,13037
89,44,3263
100,25,7652
102,62,4290
109,61,6441
119,11,1178
44,65,320
50,43,2170
57,32,787
58,41,1718
71,20,1369
72,81,1253
53,1,358
97,75,7741
86,12,838
91,30,1092
97,53,203
104,19,2602
19,15,1862
72,82,744
56,25,323
105,15,127
23,1,93
27,12,197
39,71,176
69,63,231
109,69,7
104,44,48
117,25,51
25,55,1625
94,62,1680
26,53,330
43,64,85
30,62,31
109,41,41
60,76,188
44,6,11
121,27,40
40,35,642
36,10,19
127,32,9
109,31,8
57,31,64
99,31,413
56,19,49
86,23,201
36,51,88
109,34,27
53,51,447
84,15,21
40,11,6
81,61,2
31,80,193
62,38,33145
66,54,16637
67,12,7657
68,31,3079339
69,44,548759
70,35,1719785
73,28,14061
74,54,3054
78,22,43195
81,42,4470753
96,68,51
114,22,3443
119,13,1820
54,32,3244
56,7,643
60,34,3873
60,44,2783
83,56,33810
84,26,8132
44,5,104
83,58,3160
78,18,1545
96,49,3445
117,2,204
125,46,302
56,37,68
19,13,1148
28,55,109
56,65,181
92,18,32
88,64,1332
99,47,219
116,30,51
12,3,23
95,41,114
70,56,2126
37,71,124
106,4,3996
107,80,96
88,75,543
69,71,30
92,20,425
50,68,26
78,62,20
110,33,10
90,81,8
54,63,17
57,16,4
98,22,30
124,81,163
99,21,1
102,49,67
33,46,29
117,48,4
90,68,11
125,32,3
80,76,1
110,29,2
94,8,57
51,33,26
32,60,4
48,67,5337
50,72,1120
51,40,3341
58,36,1159
64,33,131033
65,29,78939
85,38,933879
88,35,9150
91,26,1919
99,33,18686
106,54,2810
110,22,7849
37,34,141
41,22,30
48,60,772
126,50,1494
122,65,470
82,30,21021
83,15,214
97,54,525
70,61,49
85,21,564
52,63,1448
61,23,2330
97,64,598
30,11,281
36,47,720
65,58,376
89,26,797
98,46,10
31,69,62
33,11,79
79,4,15
17,20,15
31,62,230
87,1,28
74,3,10
45,72,184
94,24,101
21,70,1613
17,26,53
121,37,55
41,32,34
65,69,16
120,72,25
77,5,170
66,62,4
63,19,42
47,54,406
107,14,53
111,6,49
125,81,17
127,5,84
122,27,8
23,34,20
87,10,10
102,53,2
51,73,12
125,79,2
117,26,3
114,24,1
101,56,16
93,9,12
63,12,23
120,82,2
86,4,1
32,62,1
40,67,2158
55,16,2580
66,30,292888
69,35,1786762
70,37,1737760
79,35,4247403
79,59,18366
80,32,28075
83,22,6927
85,37,287531
93,31,71910
96,40,18292
104,51,2363
128,7,209
32,26,557
37,25,49
71,26,23
94,69,1532
126,58,600
27,33,8196
103,50,993
81,0,1132
84,5,1504
62,11,950
102,63,5299
56,1,527
31,65,3436
97,43,887
104,62,42
53,49,3553
52,38,110
77,12,416
94,25,121
104,45,152
46,6,213
28,0,93
14,37,270
2,31,7
127,0,18
42,5,57
46,39,173
65,3,209
66,71,213
109,10,2
32,22,337
62,1,43
111,70,74
82,76,6
105,68,14
25,21,62
116,52,6
48,64,158
58,79,8
67,5,111
54,16,36
101,22,1
99,76,98
78,10,5
126,80,8
82,69,766
117,62,15
37,13,1
37,62,4
23,16,15
41,39,6072
59,43,115495
62,37,40780
64,52,54308
65,44,222721
66,38,212650
67,36,808232
70,39,2018663
70,67,1515
73,56,42888
77,57,50574
86,35,40684
92,40,86944
119,15,2360
119,44,3849
49,59,216
61,49,2534
73,7,1916
25,33,3308
26,30,12714
83,71,1443
87,28,8937
93,69,270
30,42,16
26,42,374
54,69,5
91,69,1499
106,10,9
4,33,280
45,54,70
54,30,76
89,55,22
106,59,25
16,8,8
34,13,32
107,44,28
58,7,34
7,37,29
83,10,127
62,13,185
43,53,14
82,62,1004
67,18,9
27,18,3
120,43,9
48,23,4062
48,68,1
56,14,72
17,60,26
53,8,25
83,65,3
40,61,23
28,74,29
76,0,2
43,27,9
114,59,69
84,16,18
113,11,1
48,43,11684
59,10,1806
64,47,39265
65,30,5321
65,45,16511
67,52,130964
73,30,536288
73,32,1494555
76,23,180987
76,25,81323
77,34,3333482
77,54,88662
79,22,11424
80,44,6794196
84,29,23902
85,48,56770
87,30,12152
89,28,5175
99,45,1905
104,50,2130
115,46,1986
29,41,20
41,41,863
49,57,85
54,56,1187
57,33,10931
76,12,1955
87,38,352
94,29,17808
51,0,632
93,82,781
79,18,1339
18,22,3607
21,28,1230
19,26,65
67,13,522
112,62,11036
69,70,2112
94,47,315
99,39,223
8,5,1124
121,41,111
52,21,289
48,20,84
72,15,183
103,39,338
9,37,222
115,5,84
44,81,161
123,42,83
116,50,269
72,71,133
40,41,944
54,38,121
45,66,7
12,42,69
79,14,13
81,12,174
96,58,1
127,23,19
57,73,30
101,30,67
119,35,2
118,64,12
90,12,16
56,2,124
96,21,9
68,15,10
21,48,436
109,18,1956
40,22,12
33,2,1
29,82,20
4,1,7
51,77,2
113,80,1
40,79,7
10,13,17
33,78,103282
58,69,1590
61,47,27822
64,40,35482
65,50,16890
68,37,1222958
70,47,1114587
75,45,6190955
76,47,1653214
78,38,1581816
80,63,1897
81,19,1970
81,73,6915
88,50,8184
92,28,5764
109,62,21091
121,13,3887
87,56,10821
94,68,5889
109,50,3579
117,54,138
68,22,1632
77,19,1212
103,15,50
41,7,278
101,4,161
38,49,97
82,79,75
117,7,505
55,62,1311
73,78,659
101,66,276
61,25,1569
56,39,1015
45,38,621
69,64,154
38,48,1
103,45,283
62,22,504
47,20,49
90,70,344
30,80,32
108,19,145
59,14,188
107,78,205
55,23,67
56,22,483
47,50,39
47,19,6
124,35,384
54,64,1207
56,66,30
115,9,67
57,53,120
126,71,33
127,36,2
35,82,1
46,55,23
10,3,7
103,68,10
101,59,22
44,21,396
50,78,11
102,76,7
6,15,7
41,9,5
103,52,42
114,25,1
117,22,231
58,21,7975
62,36,81145
67,28,12762
69,37,2368919
69,66,23222
71,58,799
72,31,305530
72,41,7030888
74,39,9721015
75,49,481092
76,33,5116935
78,37,4819959
89,48,3578
97,45,5637
122,7,2120
70,77,1299
118,51,132
125,47,949
40,38,4367
69,78,67
95,80,565
74,59,365
71,77,345
67,64,182
55,68,12
43,32,244
62,71,45
88,74,83
17,18,23
48,27,246
29,1,147
38,70,93
20,33,204
98,29,459
102,28,87
105,76,44
13,48,1
75,65,86
107,67,936
84,63,76
43,36,1309
33,15,328
37,20,99
38,80,151
94,49,67
65,71,403
3,4,295
80,68,26
52,60,7
46,34,7
83,11,130
73,6,3
47,1,239
49,17,9
90,11,308
51,9,660
104,48,26
42,44,19
99,77,9
92,9,16
106,29,3
34,56,7
5,11,2
54,21,117
19,2,113
18,61,5
31,30,2
22,81,1
39,74,5134
44,74,94
56,46,22213
58,43,128268
58,70,227
61,45,38653
63,45,240527
66,36,453852
70,54,3834
73,20,573
80,37,4551590
88,42,13172
91,40,28498
94,34,4770
105,53,2740
118,11,1977
123,11,7050
37,33,104
57,55,4403
118,52,140
123,45,953
61,62,4092
99,11,34
101,3,209
10,6,235
11,7,279
15,11,44
24,58,94
89,18,22
97,42,1416
17,12,55
26,44,71
43,43,103
92,57,1670
98,59,268
115,26,41
85,26,431
79,3,54
91,24,23
88,26,305
108,20,27
96,2,11
67,73,24
125,40,10
91,17,23
109,1,26
40,0,35
83,9,390
49,52,22
30,17,8
47,3,10
111,75,28
91,16,10
51,34,16
23,47,34
79,79,15
86,22,16
48,34,41
113,14,13
17,25,1
105,51,1
120,76,5
32,58,399
37,64,824
40,39,16000
55,1,5239
66,50,153545
69,52,144869
71,28,32898
74,32,337814
80,47,2713965
81,54,31520
84,39,766677
85,42,721213
87,60,13242
94,35,5616
103,48,916
73,27,1954
122,48,1114
50,42,768
56,33,1861
78,50,4202
34,73,281
67,77,345
59,35,4128
91,59,1130
93,48,2118
101,67,240
125,17,239
49,61,450
28,50,83
25,31,2436
100,62,272
105,57,233
113,62,1792
40,2,20
42,66,251
18,17,2
32,55,24
29,77,67
3,33,284
19,61,123
63,71,4
76,65,70
128,11,243
128,32,47
99,60,36
57,48,39
92,17,2
111,11,44
40,74,63
124,18,7
26,27,16
23,26,11
119,39,8
94,17,1
126,79,2
113,44,31
106,37,1
15,38,6
35,3,68
54,5,4040
67,43,1166001
67,71,13714
68,14,1975
70,41,2042855
71,47,1066767
74,44,7675865
84,30,41435
98,62,8746
52,32,1751
55,49,3079
64,28,572
121,47,5
65,59,515
80,16,2927
83,3,1981
90,48,1977
102,64,351
41,62,192
102,42,1330
17,11,24
30,56,57
41,13,188
49,13,905
108,70,3
110,61,397
114,33,169
55,53,543
18,76,43
17,16,2
112,38,19
113,63,2631
96,5,117
59,13,792
110,76,10
62,10,241
65,2,352
122,40,154
80,69,9
35,66,79
13,27,4
102,29,1
90,10,117
104,13,3
90,13,4
108,13,1003
48,30,52
119,47,9
117,34,3
64,11,451
127,74,3
114,31,192
99,54,2
23,9,9
25,8,7
106,47,1
92,13,1
53,22,2
67,32,126097
68,38,1227388
68,68,11635
69,40,2207270
72,47,790654
77,45,11984447
78,26,4712
81,35,2480893
82,37,1542189
83,35,1299342
86,30,93773
89,51,29915
122,45,2902
25,51,1344
32,39,66
33,74,4156
40,25,29
70,79,259
89,37,127
123,46,866
63,58,1047
93,4,1144
33,72,1016
106,64,1118
44,18,25
120,13,294
23,4,16
43,56,156
96,39,3370
60,49,394
36,12,195
77,10,475
21,10,15
8,3,549
41,26,172
53,39,1617
99,62,1024
79,26,325
65,26,28
95,52,1
11,28,16
126,42,14
53,55,17
93,21,485
55,73,57
126,5,73
32,9,26
65,27,47
117,13,115
107,76,9
108,35,18
128,54,3
111,55,36
113,82,3
109,49,2
4,16,14
72,12,23
36,56,7
51,27,1
92,14,3
29,61,1600
57,27,208
63,53,17786
64,36,29079
67,57,54453
70,66,8857
72,18,1531
74,56,106879
77,37,11670391
77,38,7968972
77,49,181539
82,67,4793
87,57,14738
88,38,2449
89,30,47539
89,63,4730
93,30,6651
95,67,3754
96,30,32614
109,20,2086
47,61,640
48,33,144
64,57,1565
99,35,8744
111,49,2484
23,33,144
34,42,63
111,67,102
54,27,1055
103,8,170
15,14,401
108,2,201
72,67,571
109,53,145
50,46,90
38,66,203
103,60,211
38,36,615
59,82,610
116,32,9
114,63,3179
45,11,229
89,76,285
19,77,45
75,5,24
90,64,504
106,40,36
116,6,38
85,28,953
96,6,34
45,53,174
12,28,29
14,27,37
57,38,189
76,66,214
75,66,48
100,14,3
55,27,3606
120,32,255
18,15,153
117,14,21
56,82,6
102,82,4
22,39,1
123,13,148
89,62,155
107,20,3
106,51,15
27,26,34
43,52,7
50,50,36
128,71,3
76,69,3
45,47,9
70,69,37
38,62,9
123,34,22
112,29,117
49,74,10
104,66,7
21,69,1
116,68,495
75,75,4
125,60,1
34,60,25
72,70,18
45,68,3992
46,42,17285
64,54,64987
67,11,5020
69,39,2532666
70,33,288947
74,27,80745
76,36,8630626
77,27,420871
78,35,2508743
79,40,10107548
80,45,2863854
81,10,1591
84,32,61007
85,43,262943
87,44,101275
96,44,6275
107,22,5517
113,22,4959
117,16,786
120,9,3329
123,12,7852
34,70,473
37,81,314
39,37,5149
57,19,2772
73,1,1689
125,57,1715
110,64,1366
54,26,4010
64,72,2426
26,58,57
38,43,396
19,17,1488
51,39,3537
103,63,179
74,72,2015
86,28,1595
22,13,224
92,62,1345
26,40,18
55,64,127
116,66,349
22,59,282
64,7,35
84,23,104
18,74,59
92,74,111
53,75,64
61,76,95
32,77,604
79,75,212
67,75,119
94,42,397
101,34,19
46,53,3
96,45,33
103,40,184
59,66,17
125,55,58
125,56,33
96,43,39
28,16,2
44,19,10
47,44,35
80,26,133
117,51,23
88,79,8
62,76,38
48,37,45
124,30,32
20,70,18
98,30,5
99,0,8
121,80,24
118,74,1
45,56,3651
118,77,3
17,23,6
36,44,1
120,78,1
61,71,22
7,20,1
1,55,5
81,65,250
127,10,41
43,47,4
31,51,14
36,64,970
38,74,18153
55,44,68470
58,44,5482
65,75,18544
66,48,82092
67,53,96961
68,55,44025
71,17,1148
72,40,14637176
76,39,9560063
78,40,12496950
81,41,6659670
81,57,8730
85,46,385601
95,29,20972
102,22,736
25,49,44
34,36,3407
36,29,287
42,69,1277
49,42,2232
49,58,11
75,17,1863
92,34,433
105,50,3528
124,57,694
112,56,297
116,37,5
20,26,1926
92,48,2324
54,49,3473
81,64,609
84,75,993
52,68,505
43,60,234
44,38,1286
16,10,26
35,49,70
53,37,128
109,68,176
80,57,726
119,37,127
10,1,7
26,80,167
59,75,250
104,46,285
45,79,92
56,3,201
71,71,114
113,9,9
50,76,39
45,28,1
50,69,42
96,82,72
125,53,44
80,5,78
118,70,22
118,71,19
33,9,35
53,18,13
120,63,45
112,72,10
25,42,2
58,18,310
125,30,43
53,64,287
124,65,1
49,35,5
29,31,15
46,47,1
44,4,4
41,20,62
121,43,30
111,28,1
112,34,1
113,49,1
105,35,1
71,69,12
28,62,1763
39,73,5010
42,76,473
45,41,6368
45,42,8914
48,55,1026
55,5,720
65,78,17440
66,42,856144
66,55,31592
71,33,87596
71,44,2298773
72,29,9477
72,58,27207
73,25,29211
75,29,1033833
76,41,14120298
79,62,5352
87,32,3892
88,45,11728
88,58,7421
90,52,21181
95,69,5457
96,60,23669
101,61,1684
84,58,36149
95,31,45598
120,48,184
121,48,1404
26,31,3385
47,13,470
90,24,1468
15,12,526
40,46,318
91,49,237
58,27,4642
72,28,3616
42,37,411
93,65,1280
31,11,169
57,63,368
57,28,4472
58,51,1385
91,52,1401
112,37,42
57,75,80
75,3,75
108,79,108
126,41,71
84,69,189
77,67,4
84,66,259
87,73,39
9,10,30
98,60,54
62,75,23
84,22,5
106,25,234
105,30,108
106,8,28
54,7,17
29,45,1
37,16,36
35,62,26
82,60,140
114,41,2
53,6,1
57,49,14
115,30,9
100,52,18
74,74,40
37,79,2238
38,38,5835
56,56,7280
58,46,17310
59,11,6298
60,13,5594
61,31,31264
61,54,25381
65,33,94214
65,73,3762
66,51,134330
67,34,77568
67,55,8206
68,47,690278
70,62,8226
73,44,8186281
78,30,368382
79,32,118132
80,40,5864710
108,56,1453
108,64,6561
110,56,1004
45,64,497
85,59,22396
100,34,7636
101,46,193
108,50,3323
62,65,10636
101,14,2
125,64,509
8,4,93
79,19,17
91,57,3531
18,20,1242
63,11,587
56,26,502
72,2,4885
83,75,436
62,80,184
72,66,726
25,12,253
37,44,792
79,56,258
117,27,33
68,8,134
51,47,81
92,54,1111
50,18,67
29,66,1875
31,61,176
60,74,470
21,33,257
73,10,153
54,73,799
106,69,141
6,30,18
8,30,9
107,49,78
77,76,95
106,0,350
112,5,3
58,8,85
76,63,2156
98,18,1
60,3,80
128,4,32
56,51,3
127,17,33
72,14,185
44,28,11
32,47,6
115,61,105
113,34,5
120,77,14
90,72,1
55,47,9583
60,56,31121
64,45,93992
66,74,11115
70,23,19955
71,45,5449885
71,54,20028
77,36,8576806
80,53,33584
81,37,2207307
97,44,3147
93,23,80
100,75,3843
101,40,933
25,30,4327
42,3,106
58,53,176
94,59,147
99,73,667
50,21,766
88,11,90
83,77,224
83,79,38
115,1,209
60,30,6007
22,69,403
61,24,2086
99,44,299
93,37,718
42,61,219
89,60,432
71,2,93
29,29,176
62,59,46
89,52,290
98,56,206
49,40,575
92,82,3
87,27,791
14,52,131
62,77,516
67,65,82
57,39,1025
19,10,5
35,69,16
59,41,156
45,65,175
45,32,278
49,22,110
25,82,34
127,12,11
84,8,174
96,62,226
122,1,11
27,15,10
99,57,51
98,42,142
100,67,7
30,74,71
29,74,16
88,8,6
103,1,107
53,54,1
113,23,2
101,60,1
28,76,4
66,29,33820
68,24,7021
70,42,3786197
73,57,34693
74,33,722325
76,57,4314
77,41,18039878
88,41,104735
93,43,6554
125,8,1857
41,34,925
53,48,13358
90,49,2162
94,41,996
98,73,5272
77,20,2342
85,12,1868
38,50,741
97,31,9296
68,57,1276
68,78,992
83,72,1767
88,29,3940
76,10,127
102,41,1679
48,52,869
117,66,325
50,37,59
78,3,36
62,25,344
103,37,310
97,78,443
101,71,31
21,35,276
52,19,216
18,29,14
85,80,3
124,16,250
85,65,114
33,18,86
97,69,3725
56,21,172
94,45,506
13,41,52
39,3,6
95,71,10
111,51,79
44,10,79
105,36,84
66,1,8
33,35,105
60,70,54
20,24,11
109,73,7
123,81,5
98,21,6
11,33,35
102,56,4
60,19,1
101,68,1
79,11,1
29,4,5
2,37,9
0,55,4
128,10,13
54,68,1
115,3,2
113,52,18
48,74,315
65,49,88332
69,53,25184
74,48,1442898
77,28,1037715
77,47,2671189
79,61,5309
83,46,40042
83,68,2028
90,45,1016
95,26,6333
111,19,4007
63,24,607
78,49,8669
98,72,2670
122,46,424
92,68,1183
85,8,2081
103,7,341
5,1,124
18,23,1716
37,73,511
39,49,352
19,16,1403
92,25,460
49,14,447
113,4,104
58,31,782
100,66,83
126,18,217
40,66,493
91,33,540
14,4,178
50,63,63
61,73,329
108,4,475
27,30,52
75,72,13
92,19,19
13,37,197
92,53,92
50,77,36
37,58,95
46,33,60
67,19,114
100,20,32
90,56,18
95,23,9
88,78,4
59,79,20
32,21,31
21,11,69
96,19,7
101,18,6
106,6,5
79,80,141
55,71,3
108,7,3
123,26,379
46,29,217
60,66,96
54,1,11
120,42,2
95,53,1
121,23,15
84,81,1
52,49,1445
55,58,16492
64,56,5813
65,4,4846
66,5,894
66,49,20920
68,32,423034
69,65,13856
70,48,266539
70,58,6718
71,30,165292
72,42,7781159
80,39,10017182
81,26,11792
109,21,4110
112,18,1763
118,16,2160
30,68,260
38,40,5391
39,82,228
40,69,2416
52,45,5693
71,79,1081
72,21,555
100,35,7883
123,56,1300
52,47,1584
43,8,187
64,71,419
80,60,3641
104,10,417
14,9,100
106,17,547
106,20,423
30,79,276
17,13,352
64,6,93
65,68,120
49,12,55
28,81,69
102,0,9
115,6,173
0,41,2
74,64,331
76,77,154
98,53,1082
107,60,18
7,58,2
122,54,3
60,8,132
61,10,41
119,3,3
98,51,161
125,52,49
46,43,2
26,20,29
12,9,35
126,65,4
108,14,2
28,56,9
112,59,2
30,82,88
52,18,374
102,52,3
125,67,1
76,14,47
26,46,21
128,79,2
118,60,23
117,31,9
64,80,26
100,9,39
125,77,175
27,76,133
68,46,603827
73,22,12302
74,35,2434302
74,40,8013831
75,32,562443
77,55,112143
80,65,7782
81,1,580
87,33,59685
87,55,8845
96,66,6800
104,61,3957
109,63,8637
116,21,1850
32,25,2841
41,23,129
41,70,282
56,8,701
61,34,71680
62,66,2358
110,66,88
111,64,3385
78,9,5
86,21,998
105,16,2955
27,81,549
40,37,2900
28,37,48
109,66,199
67,9,86
37,70,49
51,18,318
97,7,140
93,32,209
18,30,8
66,64,9
110,77,16
34,25,1105
114,43,126
22,50,204
47,51,174
122,32,39
101,29,2
50,15,185
47,30,66
117,67,9
47,64,61
52,54,5
34,68,136
22,30,76
103,54,13
127,51,4
78,68,19
126,38,11
32,72,14
51,53,13
4,17,24
51,37,4
54,22,26
5,65,415
53,44,22444
62,39,1589
63,63,1970
64,48,19960
66,9,6041
66,27,2400
66,32,8786919
71,31,553454
72,22,9255
75,40,10226617
76,29,2488343
78,46,795828
81,9,2143
84,51,167033
87,42,18300
94,67,7614
96,34,7693
102,48,6557
106,24,4036
110,20,6620
31,35,5035
35,32,696
54,10,1103
89,59,2089
92,61,441
102,78,3811
94,55,125
55,35,4766
59,21,2069
1,20,3
96,41,527
102,18,81
116,25,51
20,59,142
80,62,71
56,62,2
65,28,536
101,72,160
53,20,125
56,77,5
78,76,152
115,49,1
99,30,17
13,40,61
74,77,97
67,81,35
126,54,937
24,11,1
82,8,41
115,8,492
90,80,11
113,10,2
114,61,159
116,40,1
34,45,1
101,48,59
120,22,17
65,7,1
108,42,7
123,33,6
7,15,35
38,27,4
15,23,1
88,9,13
117,10,1
27,77,6
43,70,13317
51,72,708
60,42,6403
61,43,92619
65,18,1470
68,40,2845418
72,59,6020
73,55,3482
84,34,902166
84,38,6433845
86,60,47192
89,42,7382
89,46,11179
99,34,29573
56,6,1550
91,38,7435
127,60,374
59,26,1336
96,74,7550
111,62,6688
124,64,364
51,65,2947
100,49,536
76,1,177
93,44,55
48,61,387
96,28,1079
19,14,778
29,59,2829
78,16,14
85,66,187
63,72,54
49,9,326
46,7,48
22,78,1
71,9,134
62,9,265
114,19,10
34,69,82
70,2,30
79,5,223
105,75,21
103,5,9
110,8,25
0,80,1
86,6,66
120,47,2
99,42,66
43,78,11
32,61,2
33,63,3
18,59,1
14,13,15
105,29,1
62,46,21897
63,48,10944
68,36,689264
70,49,183676
72,25,29636
72,45,4253431
77,23,281276
78,43,7034508
87,31,134562
40,82,157
42,41,1700
63,51,2618
127,59,1136
53,24,1072
18,12,565
62,78,1036
14,5,253
64,4,306
97,73,2187
116,29,611
110,24,157
113,27,148
98,55,15
12,38,216
111,76,271
43,39,106
44,35,22
92,21,491
113,45,69
44,56,34
94,46,55
18,26,83
91,22,10
103,11,216
39,53,33
0,0,27
23,24,38
60,2,55
127,21,166
124,23,104
26,66,9
66,0,35
83,0,22
96,18,26
128,55,5
86,65,16
120,80,12
28,47,2
36,58,24
103,76,1
110,19,3
42,42,32
76,82,8
44,44,2
88,68,27
128,80,1
119,30,22
66,37,247506
68,25,9744
77,42,12136517
78,29,256152
81,25,4175
85,31,28222
85,58,64029
86,31,29357
92,27,2235
101,39,29844
106,23,2195
120,16,2530
121,15,4408
125,4,1039
61,57,8300
75,14,2225
118,49,165
33,40,148
99,79,2206
100,80,236
12,8,221
70,60,281
68,12,150
80,78,265
94,48,2536
95,49,1506
28,53,37
94,61,917
91,58,1563
40,36,3455
84,73,280
15,72,78
110,39,1
67,62,22
103,0,26
49,62,201
96,77,629
19,36,204
104,75,158
54,57,31
85,71,56
127,38,101
81,82,1
46,41,1023
74,82,150
85,70,31
42,7,17
122,15,345
50,56,2
83,76,13
50,61,19
51,61,49
100,57,131
34,32,295
90,14,12
108,37,221
128,35,1
21,50,38
28,28,1
41,44,3
41,59,14
59,72,30
60,72,10
16,68,32
111,42,2
51,63,11555
58,19,5906
61,68,1065
63,52,42747
78,41,14834008
89,33,9375
90,66,13564
118,15,9575
34,27,566
62,56,6151
80,25,180
81,11,263
110,58,423
95,4,460
105,12,251
87,36,30106
54,40,3230
27,67,1460
85,47,828
91,34,1051
7,6,8270
18,11,70
23,13,306
102,60,207
30,58,18
61,59,51
52,22,1025
49,27,100
106,70,66
1,32,127
21,34,90
106,78,146
105,79,46
82,81,20
106,1,69
43,35,97
41,18,113
119,45,15
90,74,98
110,54,283
37,60,108
100,32,25
110,14,126
32,8,6
53,53,3
50,38,664
24,24,17
84,74,190
98,39,133
67,8,30
106,12,39
78,2,20
46,24,40
22,71,2
91,14,60
80,71,5
48,24,41
123,60,2
13,81,78
124,20,8
107,32,4
45,40,4
44,57,1002
52,42,6117
52,61,1704
58,42,12318
61,39,18371
64,49,52619
64,62,4091
65,20,6867
72,32,1643613
72,46,4230821
74,36,4372467
74,46,4600943
81,31,28855
81,34,1174907
82,44,402973
83,33,415074
87,40,357993
36,38,5908
50,59,3355
100,11,16
117,37,193
83,2,680
84,12,1876
91,7,250
101,82,314
61,11,260
62,12,21
95,32,10137
98,28,161
95,48,3902
42,18,173
50,48,39
51,11,585
15,8,10
30,54,55
32,51,79
27,28,249
90,21,259
20,10,26
98,48,351
114,34,7
58,61,767
62,61,14
86,75,632
51,38,361
41,3,8
50,49,105
43,40,62
9,9,4
123,53,17
45,51,77
60,17,15
107,15,60
90,18,1
122,29,36
39,31,38
119,20,2
22,80,2
95,51,34
90,82,2
102,81,1
35,77,24416
46,68,10032
59,55,15747
66,34,318777
66,40,62501
66,59,19501
69,54,34802
75,59,83
77,43,6229123
79,27,2721
85,36,111738
92,26,3218
98,61,4889
100,33,7001
102,38,2149
109,56,2767
35,25,344
71,80,424
75,15,3019
76,13,1178
84,25,566
127,58,471
59,53,3047
96,72,5283
32,74,308
32,76,1872
105,17,153
84,67,1473
55,63,254
42,46,15
96,54,88
110,23,166
21,59,171
49,10,82
107,40,205
32,81,388
123,50,6
84,68,118
37,48,24
61,50,52
70,12,18
40,58,23
120,17,32
121,4,6
121,26,68
119,43,19
94,63,32
116,13,25
34,9,123
77,68,6
126,31,14
123,18,1
42,45,16
44,15,39
82,80,41
91,8,7
116,61,43
42,30,14
43,30,6
15,25,5
112,82,4
30,3,10
31,1,14
119,59,2
14,15,6
72,75,2
94,6,49
1,13,4
121,77,5
42,68,4480
46,74,564
58,60,3303
62,63,2963
64,46,92750
66,35,149386
73,36,858504
81,24,3736
82,45,59781
85,52,8741
56,32,6904
93,42,3398
118,66,975
120,66,379
79,17,3645
59,29,3896
71,67,17
40,68,139
57,37,444
33,50,140
48,51,378
102,61,513
90,22,37
13,3,69
48,28,1025
78,15,156
49,41,460
113,15,166
20,41,3
104,40,100
103,72,50
98,81,25
114,10,6
45,77,49
97,19,965
38,52,86
104,69,14
70,11,2
100,41,72
126,32,51
48,45,4
41,78,19
127,72,10
88,20,43
106,30,12
73,67,113
40,54,80
30,52,13
49,73,369
57,35,3918
57,44,52403
68,27,18095
73,63,2177
78,23,15754
82,71,4544
84,47,223410
85,33,82890
85,54,1327
86,37,398985
28,43,27
41,35,1126
76,11,3339
82,56,47770
86,55,8010
110,62,2594
117,56,3836
47,14,471
40,43,153
61,12,1012
77,66,314
105,21,300
109,2,30
112,61,2203
27,51,70
73,65,285
26,41,46
62,27,436
12,7,96
49,64,59
93,53,598
89,74,622
110,21,938
111,59,67
111,38,37
15,36,249
6,28,4
66,63,576
84,64,115
72,74,27
50,82,54
93,46,929
115,7,2
31,9,8
49,80,6
127,34,53
29,21,1
30,21,6
78,65,8
126,30,50
50,34,121
88,61,15
26,39,1
34,41,14
91,72,1
85,14,8
121,22,5
51,52,4
34,1,118
59,68,1294
64,75,1296
67,24,6116
67,45,679537
68,35,420176
70,15,5674
72,63,12171
84,48,102727
87,48,45102
89,56,3218
95,66,7237
114,17,4101
69,75,620
72,80,770
93,41,1930
98,65,3238
127,50,498
83,59,5592
107,54,736
54,24,505
56,30,977
42,19,21
44,17,1013
117,5,308
75,9,1512
56,41,750
37,37,1013
32,12,407
54,36,1786
68,9,109
19,60,787
39,33,78
95,76,569
31,55,11
85,0,26
6,31,15
65,64,22
75,78,139
125,42,115
93,20,46
117,18,2
38,3,1
48,21,2
123,35,132
59,2,65
45,10,39
41,50,213
116,11,63
67,7,77
68,76,7
50,5,119
34,43,11
99,56,180
83,1,29
19,56,14
106,15,4
65,70,12
86,62,60
125,82,19
47,23,3
100,19,20
72,13,3
49,30,1
76,7,146
116,72,1
40,56,679
44,69,13248
63,39,88211
69,47,2056856
70,28,124923
70,31,610615
71,51,55318
72,62,7264
75,27,124192
75,28,449666
78,54,19113
79,28,45870
79,51,21350
80,31,33894
88,57,12646
90,60,10883
116,44,4100
58,33,39485
59,31,14365
107,62,1224
33,42,76
94,77,879
115,2,4796
100,65,480
26,67,1274
87,29,2041
94,54,145
96,47,458
57,65,3051
103,70,582
23,50,86
67,67,291
43,65,365
28,67,984
25,0,68
4,34,17
52,20,126
54,13,1082
56,53,430
45,7,34
45,26,308
97,28,12
119,72,18
29,7,57
116,24,6
60,15,8
1,74,2
52,51,470
46,44,6
72,11,2
124,39,1
31,72,20
101,53,95
50,74,31
102,19,40
16,15,4
117,60,23
89,69,7
101,8,64
61,21,30
44,13,1
119,51,1
116,5,2
63,54,94505
67,35,488291
69,32,667131
76,28,787749
77,29,1334931
83,47,486581
85,45,1094435
85,55,57173
89,38,1111
89,65,7792
95,28,12095
103,61,2462
103,62,1816
54,58,1033
85,25,262
96,31,27103
27,32,2813
39,0,21
98,9,417
119,66,699
96,55,30
97,74,2607
72,60,1866
37,74,125
50,14,2771
83,27,6621
125,18,352
87,66,23
94,3,75
59,52,432
24,13,221
37,45,138
51,43,2889
27,35,554
41,47,4
80,59,2237
115,35,105
23,58,414
52,58,1
17,14,187
111,77,42
43,81,94
95,45,62
38,20,251
122,55,3
90,17,9
50,33,884
104,82,49
125,59,192
34,8,22
99,59,44
17,28,1
40,57,26
46,31,132
106,75,8
84,70,35
79,81,2
5,19,2
47,75,13
109,16,19
79,64,35
124,26,6
116,34,18
86,66,8
105,66,10
39,51,9
105,10,1
33,62,6
120,28,9
36,5,150
52,15,19547
57,45,117224
60,47,13538
65,46,26647
67,30,282030
72,38,3360621
82,1,2680
82,11,1595
87,62,2068
90,25,1106
44,66,244
60,58,16265
93,71,2422
57,34,5827
98,49,312
112,4,235
61,79,915
72,27,301
24,68,913
25,68,1683
96,37,212
96,65,4318
28,51,329
33,51,59
30,31,14
78,32,1180
29,58,120
53,31,224
42,26,60
68,65,175
88,71,396
30,65,1126
58,76,410
67,60,191
74,66,208
28,1,6
55,75,233
57,76,361
32,79,678
75,6,379
55,38,95
65,16,70
35,10,271
95,57,56
18,8,10
41,33,109
115,79,34
71,72,3
44,24,3
108,66,4
85,82,16
95,20,6
50,27,51
122,80,211
86,14,28
14,14,44
59,71,11
49,45,27
99,17,2
50,54,4
11,14,21
11,44,74
118,6,2
22,62,157
41,67,2106
55,45,86391
61,63,1563
66,47,45711
67,54,15256
68,49,192686
69,25,6354
70,46,3437016
77,53,131971
79,60,4285
88,40,96535
88,49,36975
101,47,6482
124,9,1700
30,39,33
39,35,853
54,34,507
55,40,9588
74,8,5703
124,46,564
102,79,1342
46,10,383
98,3,319
40,45,368
68,60,2907
87,17,688
87,18,1129
42,67,624
83,67,495
101,38,3033
111,21,13
33,32,59
55,36,36
83,18,33
85,19,302
72,5,43
97,52,57
107,16,174
108,16,112
6,36,214
11,37,156
66,3,1265
47,52,23
55,13,763
109,79,16
35,42,14
120,19,50
123,10,2810
108,45,352
109,0,4
125,28,7
26,19,5
77,64,126
70,68,22
29,8,3
22,57,85
112,73,4
63,69,134
84,79,223
76,16,50
77,80,1
40,14,49
28,49,1
40,9,24
107,19,3
31,58,281
57,47,8876
57,57,4359
65,38,188210
69,23,1085
69,29,125510
69,59,6332
70,25,16588
75,42,8739674
77,61,436
81,58,798
84,40,1140767
87,47,23798
88,55,7649
92,43,5695
115,17,4205
115,45,3828
122,11,10089
37,68,805
54,52,205
75,10,4171
84,45,6703
88,36,14640
60,60,6451
84,60,6070
61,26,6155
61,29,6979
20,12,1097
33,79,3473
53,40,3746
52,64,836
43,38,790
88,43,840
29,30,6
95,73,561
119,36,16
111,25,83
110,41,46
21,53,15
95,77,730
38,69,70
2,32,383
92,33,1641
62,24,761
115,50,2
18,14,425
117,42,69
120,45,8
61,7,56
99,50,362
45,62,35
123,15,154
121,33,9
124,50,53
82,66,7
14,59,30
68,3,178
62,74,3
31,49,76
61,72,233
94,22,282
124,12,34
39,7,17
68,4,62
84,0,10
36,9,1
5,16,24
105,49,27
107,56,227
106,42,1
38,75,3976
57,17,4834
61,52,12512
61,67,228
62,15,7520
66,76,15172
69,15,15773
75,37,8651519
76,27,106934
76,51,183846
79,46,3765339
82,29,4462
83,44,390450
90,32,92821
90,43,1515
94,40,11856
35,74,1273
36,32,82
36,75,1777
55,56,924
96,70,1140
99,75,2351
49,20,678
50,41,689
89,23,695
63,78,10307
116,2,228
72,78,544
50,39,3876
25,32,3317
71,63,1327
31,79,247
51,15,1550
79,1,222
50,29,174
52,34,16
74,20,10
17,19,11
107,79,144
58,13,192
62,5,1
123,51,10
7,4,61
0,1,6
125,20,81
28,18,6
104,14,326
87,23,3
41,79,27
41,81,4
90,79,12
106,67,351
105,59,20
107,74,9
9,13,17
9,14,11
12,14,23
47,76,11
125,31,27
104,30,2
55,6,4698
57,18,8802
61,32,8608
61,48,36392
63,42,120252
72,61,22472
79,21,27044
79,29,189351
80,30,29363
80,54,3685
86,49,2742
100,39,7343
102,39,6298
104,22,4039
118,18,1954
125,2,1887
38,82,324
40,34,195
88,37,17342
93,45,874
34,77,6319
81,28,10492
107,63,654
110,68,63
105,20,197
13,8,84
40,49,37
105,63,1327
118,56,465
102,68,283
41,64,327
52,59,311
77,16,1679
110,71,31
126,47,361
42,33,249
22,32,1100
104,17,1079
112,25,70
25,53,309
46,23,41
66,81,446
78,4,12
108,40,75
16,51,211
5,34,255
89,34,1863
83,60,444
84,3,17
43,68,765
62,79,609
121,35,326
100,51,184
49,68,42
123,2,7
118,65,8
116,10,57
30,78,1
57,52,60
74,13,71
27,62,68
32,6,51
42,51,37
86,15,31
39,43,23
48,71,251
13,17,4
20,73,9
31,64,1834
35,55,517
37,5,270
52,50,1917
54,15,6139
54,41,8723
57,10,3481
66,61,2811
71,32,1827892
80,50,106640
82,4,1563
82,21,7591
86,57,63629
94,43,6186
94,65,5830
99,61,6256
111,20,1617
119,12,3016
121,14,5102
124,10,3965
32,37,194
33,76,2679
58,47,438
85,29,505
93,70,1211
63,77,10386
82,28,1660
120,14,781
60,48,295590
101,45,346
58,23,476
30,55,141
99,37,478
109,67,43
87,26,95
102,45,110
68,10,130
72,16,167
113,35,35
6,29,18
7,31,37
90,23,268
104,78,108
13,4,9
46,51,17
57,12,142
87,68,41
119,0,29
112,51,335
66,82,460
21,44,8
99,41,50
55,20,29
42,43,28
12,59,1
109,5,5
35,81,1
78,79,37
58,72,598
43,28,26
44,30,2
85,11,465
31,82,240
53,71,3262
61,35,79189
61,46,9300
66,24,5853
68,30,181360
71,62,11342
72,35,625665
79,38,7301273
82,32,8796
87,51,2941
91,64,9477
92,29,31168
92,67,12393
93,57,822
37,40,3239
68,74,989
98,32,10179
87,21,693
60,28,5356
82,27,1872
55,61,1224
63,80,24
48,62,46
87,67,129
18,18,157
64,81,895
71,24,341
72,17,206
26,54,551
98,5,1
91,70,244
32,65,409
77,4,20
71,15,2884
54,72,517
44,71,173
77,77,47
94,64,418
85,79,200
110,2,1
32,44,13
46,75,25
39,1,59
50,81,11
74,73,43
81,3,27
121,1,7
95,16,12
27,17,9
53,19,13
28,61,134
84,18,947
16,3,18
101,54,532
99,38,9
126,72,25
108,6,11
99,22,3
74,81,7
109,6,22
41,14,1
52,73,12
118,79,1
50,25,4
57,15,1
77,78,10
99,6,1
78,73,60
52,26,2
90,9,7
39,11,7
115,40,41
53,47,22167
56,16,6606
64,38,39819
73,39,9811325
83,37,3799381
83,55,157169
91,43,6952
97,60,2327
102,30,4830
102,31,5739
108,62,3872
38,68,2141
41,71,1648
53,43,1979
64,31,39221
93,72,492
49,19,953
91,6,477
40,44,388
50,20,46
89,16,2297
99,49,321
105,52,336
74,58,2787
81,63,105
54,14,3353
73,79,1081
37,49,43
102,46,417
121,39,72
9,1,9
48,39,311
69,11,96
24,55,737
24,31,3574
69,82,350
15,71,131
17,17,20
54,74,180
100,50,72
32,78,361
92,58,426
79,74,19
87,75,346
33,17,22
116,17,2
24,34,401
52,55,56
49,21,19
68,2,13
53,73,5
117,68,11
48,41,97
112,78,31
46,81,3
102,54,9
114,54,2
83,64,27
50,79,33
13,16,7
38,29,9
99,23,34
52,28,5
61,36,209648
61,51,3838
63,33,79711
63,56,18902
63,66,7964
65,54,26300
68,69,12073
77,44,8297704
78,56,71059
80,27,1433
89,49,9748
106,53,1031
113,46,2691
25,50,723
35,35,1022
33,41,42
105,81,3896
94,4,736
7,3,122
19,24,1334
57,29,1669
65,81,3025
20,13,7143
67,78,1172
75,60,61
106,21,344
27,53,183
28,54,231
29,55,267
84,2,255
85,63,550
116,31,129
39,12,229
112,15,140
18,75,50
29,81,355
109,19,21
99,29,526
93,24,601
33,16,26
125,11,453
43,11,258
107,36,1
80,6,158
44,20,13
115,52,1
41,80,4
69,4,22
127,53,11
64,19,2
57,8,19
116,33,274
39,75,5
100,2,389
96,27,2
112,1,10
45,35,19
35,30,10
76,81,1
44,67,7
32,0,125
65,76,24762
74,16,6042
77,33,2071418
81,18,1430
81,23,4207
81,27,4224
82,33,143824
91,62,9889
99,46,4890
37,38,2409
94,31,33839
94,76,447
51,23,1413
83,4,567
88,22,5124
56,28,7332
100,64,453
77,17,2679
70,21,10759
77,11,364
25,1,67
23,72,1
32,75,640
19,59,155
22,51,80
28,77,458
93,74,132
92,38,24
16,28,32
123,49,710
49,79,9
59,9,89
96,25,2
126,35,204
82,9,20
56,72,1
25,65,42
121,63,269
54,9,51
15,33,5
56,80,3
103,74,3
104,53,74
37,14,4
112,31,6
86,8,2
103,41,1
105,38,2
36,55,504
63,30,183240
65,53,24063
68,59,29658
70,52,191507
72,24,5739
77,24,327640
77,52,258240
77,56,57021
78,45,6281914
88,34,2776
90,44,750
105,25,6414
107,23,3669
39,69,1113
58,2,990
84,57,28673
112,49,3141
126,57,822
96,75,4599
119,65,271
47,10,268
50,65,2486
24,60,17
97,30,3627
31,74,147
70,80,1278
105,64,169
100,26,71
95,65,3148
57,62,593
79,67,624
62,41,830
73,19,249
89,70,231
18,37,144
19,37,57
71,14,135
102,26,242
3,29,4
108,48,67
104,47,632
128,63,381
50,80,1320
109,33,36
106,13,833
123,39,3
113,78,50
126,16,65
108,8,6
59,17,328
35,9,69
33,45,2
43,25,17
48,25,33
52,27,2
86,82,18
47,70,40
21,57,5
105,67,52
69,3,941
22,47,29
112,70,1
46,45,1
120,41,29
103,36,15
36,40,20
104,54,270
52,77,30
13,14,6
41,49,15
44,7,17
44,70,2232
54,43,7366
61,38,52632
71,42,5827510
72,48,487995
77,40,18683562
83,31,40508
84,49,897779
24,49,17
35,26,76
35,67,2315
45,63,444
51,58,879
59,33,13793
67,26,6663
78,53,14059
128,60,669
64,59,9819
92,60,394
104,81,2133
21,26,222
127,49,95
119,7,80
111,61,2342
44,59,186
77,18,1038
104,59,488
25,44,40
113,59,369
27,52,3
102,70,692
17,8,135
47,28,195
64,20,82
102,44,456
115,64,865
54,12,1096
25,80,191
18,16,16
19,51,15
30,77,80
101,26,54
106,79,186
13,28,43
17,29,10
105,78,33
108,58,59
34,22,117
116,42,55
38,57,109
38,58,20
126,60,192
46,67,25
51,69,45
125,22,33
124,51,45
127,18,50
53,33,66
116,12,84
119,71,4
116,51,29
46,12,253
78,6,313
93,64,1
43,49,37
67,68,18
24,54,55
43,46,7
110,49,146
41,52,18
41,60,13
41,48,19
112,24,4
13,63,10
38,79,482
47,43,762
58,10,6152
62,45,51497
65,34,331697
68,45,397610
68,70,10433
70,45,1666027
71,61,43089
72,53,166321
78,55,26336
80,43,6394020
80,48,1497485
83,32,48349
91,42,7495
95,44,6103
97,61,11095
101,33,4391
117,21,745
33,24,1985
61,28,6645
97,66,3615
97,71,4138
97,8,8
97,9,43
111,68,81
55,26,1148
118,7,594
98,37,943
31,50,492
57,67,76
113,58,373
24,30,852
91,39,838
70,6,5
46,64,39
114,16,184
89,75,801
89,78,273
107,21,122
111,39,101
20,52,10
87,0,32
103,27,10
26,50,144
56,13,893
67,22,412
35,41,20
126,39,151
54,54,112
81,78,46
114,44,183
118,67,71
104,24,159
107,10,48
51,26,26
22,11,26
127,30,56
99,19,9
101,16,57
101,19,54
72,79,636
110,7,27
42,48,6
36,36,11
68,16,5
16,14,44
116,54,6
13,13,30
33,13,285
102,33,29
23,8,11
32,29,1981
32,59,5
9,45,33
33,80,2296
58,59,3984
64,51,43301
66,10,6406
67,51,127336
70,44,2314869
73,50,194345
74,18,6596
74,63,1793
85,35,247882
86,56,26572
94,27,15442
34,79,11261
37,80,1340
38,26,89
46,62,526
64,24,1473
91,67,2925
118,50,153
125,49,360
27,31,2857
32,41,216
52,1,878
88,23,371
37,72,55
97,38,811
57,1,427
61,30,41255
41,63,184
71,21,256
108,65,108
78,14,16
101,64,177
106,44,54
39,32,1071
104,39,406
24,0,84
95,72,915
103,71,134
104,74,117
3,30,14
4,30,18
39,19,67
6,3,22
49,31,1
111,9,49
55,67,3339
97,82,43
114,64,1064
44,43,82
23,66,44
8,9,33
111,12,7
22,12,72
65,0,3
87,81,6
111,37,1
124,38,8
122,79,108
33,10,60
101,41,1509
20,48,2
40,64,7
42,57,4
106,58,2
112,80,1
122,21,17
38,61,5
106,52,73
97,50,1
101,7,28
30,29,14
106,71,1
30,27,440
38,37,2142
56,47,6790
67,47,188510
69,33,64246
74,17,7628
76,30,1255509
77,22,96276
78,36,1575581
88,48,6282
92,36,4356
105,26,5058
24,48,133
32,35,2293
32,38,58
35,34,2882
117,55,1007
122,47,1369
128,50,208
82,2,1297
112,57,1602
52,39,2795
55,28,1816
93,29,3366
128,49,409
37,78,893
79,66,273
79,53,1760
92,52,357
38,72,493
31,41,111
81,16,14
50,28,1188
121,46,309
27,56,182
50,10,236
29,65,157
107,42,2
76,56,1196
104,5,22
67,2,1490
107,59,6
85,64,32
126,46,173
14,71,484
39,67,22
128,59,41
110,13,130
96,26,34
128,30,52
113,29,3
83,12,7
21,71,1
122,2,498
109,13,6
78,82,7
67,15,12
88,80,11
98,24,17
59,12,4
92,15,38
84,14,4
100,77,3
68,0,2
38,22,5
115,59,1
118,39,8
55,3,3
41,11,6
118,59,65
46,35,1
125,29,1
9,20,9
41,76,696
42,71,8744
60,55,32828
71,52,12846
73,42,6147176
74,30,571264
80,29,5737
82,36,1521676
90,37,2631
91,28,3175
91,44,1413
28,33,1687
74,9,5072
99,63,2010
94,60,110
98,74,269
41,43,143
92,47,2707
107,2,232
63,79,215
42,38,878
59,39,4228
29,50,610
105,42,538
44,33,644
49,28,1031
70,7,63
71,6,243
21,77,6
75,7,1
122,41,173
15,37,65
47,53,139
97,67,3105
123,48,204
73,64,52
94,39,639
52,82,53
36,63,39
96,46,16
3,3,26
37,47,16
64,3,55
125,19,101
44,11,147
63,22,113
127,24,11
28,19,3
63,15,14
60,62,24
61,17,3
107,6,9
60,61,347
94,5,305
45,55,31
115,25,627
30,44,1
100,3,102
14,16,7
17,71,14
96,14,2
38,5,71
44,75,450
55,2,3028
60,45,38772
67,23,12411
70,55,2544
82,57,13111
97,62,7233
103,29,1448
126,7,1595
30,35,2096
33,69,1813
41,24,43
81,14,2749
38,42,1020
101,63,3129
35,39,75
27,40,22
102,36,68
105,45,6
117,24,108
46,32,502
103,17,148
84,21,58
100,72,48
85,1,173
103,78,96
97,1,26
109,57,50
123,43,27
43,37,177
35,22,374
101,51,220
111,5,39
125,58,1127
92,64,125
118,55,113
96,57,1427
88,10,15
41,30,2572
56,4,80
32,24,42
13,10,33
111,78,35
120,64,1
48,44,1
123,25,39
126,20,10
37,10,4
101,20,4
40,78,423
123,36,9
45,20,6
77,82,10
50,31,19
37,28,50
103,10,1
48,57,13
87,3,52
113,72,1
120,27,1
104,38,2
65,48,12900
65,79,494
68,13,14705
75,53,345740
75,54,120831
80,49,588387
81,7,3348
81,48,347586
84,36,865954
84,44,529745
118,44,4843
127,44,2317
57,5,315
60,35,14154
62,40,1279
82,0,1724
92,41,32393
61,60,517
63,47,2781
80,11,10
104,8,252
45,18,13
23,5,9
37,65,295
56,54,7205
110,25,811
48,9,130
70,70,53
93,77,140
50,16,428
122,51,24
57,20,132
63,1,76
44,8,14
48,50,12
113,66,24
117,79,21
122,17,1
69,5,26
30,41,362
84,9,3
73,8,18
91,12,47
101,17,43
108,18,36
42,14,8
37,18,22
101,15,9
30,4,4
49,5,3
23,10,18
80,9,1
31,29,2
35,61,10
39,66,2333
43,75,545
59,22,15066
59,23,8722
63,31,182597
64,73,2126
66,45,217436
67,44,483155
72,57,16041
74,55,67916
76,40,24451946
78,52,218723
82,14,4844
92,32,12782
104,29,4765
120,8,10550
58,22,3732
60,59,2541
92,69,3724
111,65,128
89,9,934
97,3,214
101,80,104
70,18,1371
37,50,29
33,68,342
15,6,174
76,19,34
93,49,15
79,12,77
11,2,28
62,72,10
38,33,62
61,22,127
62,21,194
40,42,1
51,16,678
67,82,345
80,67,148
91,23,17
10,37,201
71,13,159
51,75,5180
67,63,25
77,6,367
106,49,167
97,49,60
70,57,685
16,26,59
110,11,103
110,12,49
97,57,7
2,3,32
4,4,78
49,67,79
117,1,36
118,1,115
25,23,9
56,73,38
119,64,11
33,21,41
82,64,19
87,82,4
23,81,4
53,17,24
111,71,16
103,56,7
108,34,5
96,22,47
110,5,34
106,66,53
99,26,2
75,4,16
103,31,317
51,54,18
113,31,1
1,7,3
98,69,6
57,56,21409
58,57,10892
68,41,2193650
72,44,5696338
75,44,6400698
76,43,6212935
77,58,14406
82,51,33581
83,39,3202574
86,47,822282
91,31,66804
119,10,3449
33,70,1947
38,81,777
49,56,37
82,50,35962
83,26,514
101,77,4039
126,49,231
53,2,718
90,67,1411
109,54,299
47,15,215
100,36,2795
102,50,229
100,63,4057
82,74,385
104,2,164
109,4,893
28,65,163
47,62,105
96,48,7177
38,35,190
89,54,496
104,42,685
85,6,117
118,22,90
44,37,1987
24,80,60
102,37,81
21,52,83
16,36,234
18,36,149
67,66,1826
73,73,65
41,61,19
111,45,93
98,68,50
42,4,11
126,48,80
89,72,6
124,49,35
11,8,16
113,53,1
127,16,452
89,81,15
20,69,83
97,35,120
40,23,1
38,23,6
82,82,1
29,46,4
63,18,34
85,77,7
20,29,9
60,71,202
113,6,1
109,27,1
87,8,2
70,74,59
33,56,475
48,66,11105
60,27,10767
62,52,6550
66,25,4562
67,50,154195
68,50,62741
70,53,17713
76,58,16610
83,21,8740
83,53,24876
85,41,501036
86,51,12479
86,58,52198
87,50,3685
87,58,47241
87,61,17814
91,45,2001
93,28,37100
35,29,481
36,37,3262
40,70,150
58,3,294
73,17,737
90,34,629
121,65,280
79,9,13
98,77,1557
80,82,468
86,19,30
92,46,2758
23,3,30
13,5,100
28,59,1529
56,36,38
69,62,2964
56,68,18
90,47,319
86,17,79
108,15,79
109,35,86
40,62,5
51,21,492
23,51,27
109,46,128
109,48,6
94,23,52
68,62,648
97,37,151
38,67,26
45,29,3
41,31,961
61,1,18
85,10,36
126,56,13
54,20,16
53,29,8
66,69,20
107,39,37
126,82,211
39,15,42
103,67,15
40,30,4
96,12,1
112,14,5
75,74,3
105,28,18
18,31,14
81,71,22
33,55,502
43,76,37
66,8,4484
68,53,33411
70,63,20475
72,20,1076
73,34,2373964
73,43,6840964
74,42,8146738
80,51,44931
86,46,740422
94,38,42
32,27,170
99,74,6958
103,80,2141
120,65,126
89,13,371
101,1,184
104,9,284
68,21,635
82,63,3265
97,41,782
77,1,193
27,59,604
34,39,279
92,63,403
47,5,1
58,48,398
65,25,430
85,62,988
120,39,153
122,42,427
10,0,71
25,43,26
47,22,106
30,0,92
31,0,121
86,9,203
100,73,311
86,0,33
95,54,15
102,65,181
40,18,17
118,43,51
35,23,138
55,78,43
30,10,119
126,11,410
79,15,7
69,2,29
104,57,3
96,61,304
123,54,21
68,80,13
51,35,52
24,38,1
86,3,468
120,26,2
100,8,1127
107,24,170
55,18,33
116,60,34
42,81,2
101,42,16
1,54,8
107,37,4
43,57,796
56,17,7133
59,25,9065
59,38,6716
60,38,4661
62,31,87031
65,41,25418
72,43,8765567
73,53,13018
88,47,37721
50,32,449
58,34,7572
62,58,3246
93,81,201
122,64,28
54,25,1036
59,30,7215
95,55,25
96,76,2234
9,6,210
73,71,196
91,35,43
22,70,10877
61,15,251
83,63,18
15,7,48
93,62,1839
11,0,49
93,54,984
19,52,52
105,77,96
34,26,55
65,66,72
35,24,125
93,12,10
115,54,6
55,66,257
90,15,619
125,16,277
66,20,112
46,28,80
107,75,5
112,21,517
55,24,7
106,38,14
24,46,32
107,12,4
51,71,3
112,35,3
95,78,48
119,26,1
56,81,136
106,74,4
124,79,2
98,8,9
114,26,1
114,2,14
104,67,4
97,21,2
69,74,6
106,33,3
32,80,3972
33,0,47
39,77,548
52,72,150
62,35,186229
65,5,8055
67,3,28723
69,43,4971996
71,29,94401
72,33,1099799
75,35,3894617
78,28,83602
86,40,310749
92,35,6328
96,71,6011
108,63,5523
116,22,909
39,34,84
60,57,34355
72,50,41564
124,48,236
62,49,741
83,62,1519
114,56,1431
116,35,960
50,22,1019
88,16,2008
68,79,1490
19,23,313
58,26,1024
106,19,412
22,10,198
59,37,1180
9,5,387
72,1,329
48,12,619
37,36,25
56,18,179
122,43,250
64,22,200
114,62,2042
60,14,83
49,24,33
2,33,142
95,50,46
27,13,7
96,81,126
33,19,97
125,6,177
37,59,109
55,31,106
67,1,8
45,30,12
6,5,106
54,39,138
61,65,96
53,67,4294
119,22,65
40,51,11
65,14,1
55,51,18
87,76,30
34,34,52
41,77,8
80,70,5
21,55,3
9,22,4
121,79,13
85,3,28
26,69,829
119,60,55
92,16,3
119,58,2
39,76,167
60,52,6301
64,53,125039
66,4,23551
71,49,376761
73,33,4779108
73,49,208099
82,39,2270290
84,53,5517
85,30,15940
88,62,4754
89,32,85981
101,62,7862
111,58,1648
119,16,3312
33,67,1733
35,36,1884
106,50,5457
117,53,7
91,60,1025
106,81,390
121,66,120
73,74,936
102,40,1399
11,5,104
36,45,551
44,12,587
46,11,577
88,15,102
111,40,121
111,41,80
13,38,296
20,34,201
10,29,14
45,67,42
59,6,24
13,42,7
74,76,29
55,65,272
79,6,104
124,54,13
50,62,131
79,69,55
4,7,2
48,36,51
46,69,5
33,48,49
108,73,2
1,53,7
39,29,2
47,42,9918
57,36,4750
65,31,27336
73,31,118237
80,52,39918
82,12,1793
82,46,214836
84,20,2445
89,40,52857
89,47,2130
95,68,446
112,48,3686
33,73,2210
33,77,5547
56,40,4429
57,0,241
75,16,3561
82,5,282
92,44,51091
64,55,8963
84,6,1308
103,21,1935
32,53,97
34,35,106
85,2,107
89,53,4524
30,30,416
56,64,81
60,80,4128
108,39,87
79,23,70
23,32,1519
51,29,670
69,12,154
38,60,2
48,26,25
66,2,1613
5,28,2
99,53,331
123,9,1094
113,51,86
107,45,78
120,46,15
49,29,60
49,47,71
126,59,72
35,7,5
102,58,49
122,14,48
74,15,71
115,63,628
68,7,31
116,8,12
89,61,7
94,16,34
57,71,116
68,19,1
20,27,12
123,80,73
40,59,9
97,16,4
90,8,1
120,29,182
61,82,15
117,0,7
122,22,1
47,65,14
47,67,6620
69,20,12156
69,26,63156
73,23,9624
75,36,5606434
77,21,8500
79,31,106317
85,34,47421
86,39,49454
88,46,37666
103,49,7612
105,27,2805
105,61,4627
30,40,20
34,76,2504
73,58,8007
30,33,91
47,12,1533
52,24,839
100,5,211
15,16,595
39,48,71
74,60,51
83,14,994
102,69,208
60,37,1128
118,36,40
111,23,92
86,25,5110
26,0,86
58,77,264
63,10,196
126,40,347
64,25,141
46,52,55
51,49,127
39,47,1
7,7,31
60,69,72
95,22,2
53,28,66
62,19,1
97,18,54
110,73,6
23,68,7
121,64,10
121,81,1556
95,10,15
63,9,301
39,30,81
116,80,2
6,16,21
41,45,1
9,32,1
34,61,3
49,53,614
60,26,10789
60,53,13689
61,53,3181
62,67,1795
63,44,121805
66,26,3052
68,48,897896
75,41,10076293
76,24,134343
76,48,1845023
80,41,8335161
81,17,1664
85,56,37379
90,58,12465
95,70,6086
115,22,4558
41,69,1459
82,26,571
107,50,4233
127,64,555
48,16,1030
60,29,3658
84,76,165
106,3,15
57,2,1117
105,56,193
94,37,15
96,50,858
118,24,370
45,33,374
72,4,302
59,50,2207
27,55,28
81,62,74
86,63,69
110,15,555
16,78,10
47,41,160
87,49,117
49,63,209
0,31,132
53,11,85
90,33,3355
106,62,311
45,75,16
125,41,28
95,47,42
103,82,16
35,8,5
64,67,282
53,52,8
124,17,371
60,63,179
111,74,23
66,15,288
24,43,101
122,81,10
121,42,32
95,19,4
68,81,3
116,43,18
61,75,26
124,60,78
121,20,1
31,71,116
128,22,16
30,60,631
48,73,189
49,72,256
55,8,5205
66,73,50862
70,34,538556
75,50,85538
76,44,6371179
76,62,1571
77,31,834498
82,41,1556390
90,28,3249
94,30,64904
33,25,3268
39,26,4778
51,14,10711
54,50,1486
80,24,328
98,64,2687
94,75,978
95,60,1024
104,16,10739
107,51,5797
53,70,772
94,70,143
96,56,129
104,21,736
45,16,132
105,2,128
96,64,1540
34,12,320
84,7,3268
23,30,309
23,36,2
20,53,53
113,64,68
110,78,79
45,81,91
32,17,9
72,72,121
115,42,41
83,25,268
110,53,74
46,21,12
48,13,3
122,31,41
56,67,143
125,54,55
104,26,215
119,40,50
47,82,4
62,20,3
11,6,3
53,80,21
24,37,2
1,23,9
65,63,12
30,73,21
65,9,3
38,31,3
52,9,19
50,55,1
86,16,6
123,21,15
49,65,11522
50,44,16384
53,45,13441
53,61,10067
55,9,5804
60,68,1605
68,33,282558
70,38,4254651
72,56,6192
73,52,168602
80,22,23072
102,23,3608
110,60,2082
123,7,502
31,68,12104
51,44,2913
89,66,3446
65,24,603
128,67,308
85,60,24990
101,81,297
16,22,209
36,74,1081
22,28,512
31,75,529
78,66,259
24,69,808
84,28,4531
59,51,125
68,64,247
107,53,456
62,7,1370
31,31,111
105,43,3888
20,11,98
91,50,577
100,45,1409
115,23,320
9,3,4
16,7,174
18,9,63
23,49,106
44,27,160
113,26,52
30,38,12
49,18,77
19,79,9
112,36,18
80,72,483
105,58,47
94,20,17
60,6,22
124,28,2
99,20,196
110,10,1
56,69,95
81,13,117
68,5,42
103,14,539
74,21,93
85,17,12
14,20,22
122,18,23
65,12,189
127,37,4
99,7,4
75,68,30
107,70,1
108,0,241
52,48,1955
56,44,91957
66,21,6264
69,42,3837253
70,64,17003
71,40,5604306
79,30,380193
81,47,1266501
82,15,2028
83,54,111409
96,59,5671
126,44,2282
52,14,10417
63,25,2127
84,27,4443
113,21,1063
16,20,89
24,59,57
88,17,812
91,48,891
47,16,362
105,14,329
73,70,188
51,12,1655
88,66,156
99,36,1829
16,9,3
52,37,393
26,34,647
31,26,45
63,59,125
69,7,4
27,54,64
93,33,122
23,79,27
20,31,9
99,81,25
51,76,23
64,23,50
36,62,702
100,31,35
95,42,301
60,51,47
44,62,12
24,65,15
47,45,49
45,50,39
106,35,18
119,41,22
127,4,55
78,7,105
119,63,35
36,43,32
89,6,2
87,65,1176
122,19,46
55,69,3
8,7,66
101,65,130
56,23,26
31,19,8
119,78,53
76,79,18
42,29,19
123,79,1
42,23,7
11,57,81
101,55,230
106,65,32
60,20,2
38,65,1383
49,43,13563
54,59,13177
59,24,12715
63,32,110767
65,52,55679
66,60,10577
68,56,20909
76,46,2224818
81,52,355687
83,48,389487
89,64,7303
93,67,12970
96,69,1
118,13,1387
33,75,3013
41,68,428
67,29,24430
75,11,361
98,33,2383
64,58,287
87,39,9041
94,80,30
99,80,175
61,42,20215
64,68,296
86,11,2985
103,19,573
56,29,13283
67,21,659
91,79,17020
74,78,890
23,0,29
23,2,63
101,37,1933
103,43,1196
115,27,12
45,44,15
19,81,18
67,61,15
18,51,569
66,66,36
62,6,98
86,81,68
113,28,15
60,65,26
14,2,937
29,17,28
66,11,16
25,20,7
123,30,56
68,17,9
23,53,79
51,20,76
88,1,2
73,66,53
30,45,4
56,15,29
0,14,3
55,17,61
75,82,16
63,70,32
80,8,1
8,20,4
20,3,1
109,9,18
33,14,2
31,60,867
40,40,11139
51,46,2144
54,42,2686
54,60,3044
55,70,1247
56,42,11877
59,46,7631
60,39,4079
63,64,3335
69,17,9148
70,16,789
70,26,32338
73,24,6459
74,53,68842
75,24,136086
75,25,171953
75,62,1601
81,66,6147
86,33,7756
94,58,4393
107,61,5623
115,16,397
30,34,3890
32,40,23
97,65,4413
118,48,41
113,56,1390
116,36,13
56,31,1233
79,8,11
40,48,248
98,1,532
110,4,136
64,79,482
72,69,237
32,49,1066
88,27,2589
27,58,456
113,60,830
90,26,2217
120,37,376
88,73,266
91,78,213
48,40,85
23,52,57
89,25,350
102,27,228
98,67,214
60,25,957
107,1,59
125,43,54
61,6,30
88,25,260
121,28,24
58,82,12
22,67,3
37,6,27
78,64,146
118,63,12
37,42,3
68,63,6
109,7,46
10,4,1
76,3,13
101,75,5
42,27,74
2,15,3
30,46,4
34,2,130
56,43,11857
63,38,25437
65,36,25126
66,43,1363986
69,49,139009
75,52,482844
76,37,12287876
80,21,17814
86,48,72434
88,63,6140
91,63,11974
92,56,14216
32,69,1150
34,71,2437
35,37,6327
37,39,5204
37,67,969
65,6,487
98,11,7
104,80,1941
89,14,467
96,32,7900
83,50,6290
24,1,29
26,82,627
97,36,246
27,39,40
65,72,4148
60,81,357
103,42,685
96,51,415
115,34,30
18,10,215
48,32,369
64,82,6
34,74,470
68,82,2
92,81,99
20,77,47
52,74,145
97,68,84
85,75,768
112,6,4
61,64,209
90,75,53
42,82,108
126,62,52
12,29,43
92,59,115
38,54,55
68,1,398
40,50,17
104,33,19
117,52,1
23,12,19
10,23,2
61,81,7
44,63,17
49,50,53
89,73,2
116,62,1
39,63,13
39,65,16
127,79,2
10,14,6
43,31,67
118,30,188
72,73,2
114,48,1
48,65,3604
57,59,2978
61,14,7071
69,27,25316
69,30,182106
69,45,32536
76,22,64044
76,50,123211
81,72,2736
84,43,355033
85,39,942517
86,53,4387
104,28,5145
110,59,2987
118,14,4117
126,6,1264
36,80,1416
94,36,189
125,48,408
128,61,853
40,1,300
47,55,114
93,5,153
98,76,2404
25,59,6
18,21,1431
111,4,113
47,56,15
73,77,247
35,38,77
8,2,6
86,18,105
91,80,2470
31,22,8
52,33,49
39,61,1
21,31,34
82,58,229
87,16,972
42,36,167
60,10,317
73,81,5
64,2,49
127,63,890
115,20,18
12,43,172
38,51,82
43,10,122
102,17,2
122,16,95
89,21,31
86,24,5
61,18,3
32,48,68
128,72,14
127,14,17
97,23,1
33,58,46
71,75,14
41,27,1
2,16,27
99,24,41
125,69,34
55,46,49574
56,45,99524
57,9,1950
63,57,4682
64,18,5831
65,37,28759
65,62,4476
69,24,1390
72,36,1115242
76,53,174662
79,58,14473
102,47,2139
105,22,3431
118,19,898
120,44,3606
128,6,1096
36,26,278
56,58,4562
118,53,125
94,72,1881
92,5,446
24,57,436
58,40,1704
88,60,4115
81,75,395
58,29,2278
73,72,2146
19,18,1075
51,70,1644
88,18,70
93,15,58
85,67,702
44,64,88
35,12,292
37,35,91
120,38,189
103,16,450
33,81,84
69,57,555
65,10,135
100,28,535
8,31,6
55,12,329
108,78,29
70,71,104
92,22,2
114,8,1
39,54,37
22,25,35
124,15,63
127,19,10
31,28,6
108,9,37
24,36,1
111,73,9
50,26,32
45,70,8
96,78,381
41,21,9
124,25,296
105,74,4
16,40,1
111,13,68
16,16,12
110,79,3
75,69,18
38,30,6
26,24,4
55,42,8868
63,65,4979
65,22,3434
65,47,39585
65,77,22628
66,44,784707
67,46,120228
67,59,1825
69,28,35865
73,51,361247
75,20,2861
79,49,12012
81,43,3609494
82,35,2232220
83,36,2202554
84,50,48937
90,41,2220
90,63,1487
92,31,87017
93,66,8163
103,22,4234
125,3,2023
128,44,1504
64,30,15741
78,21,10298
24,33,2710
112,63,21824
53,14,4289
26,68,1760
93,26,1199
34,38,7
63,61,260
106,55,177
102,35,341
27,27,96
83,24,26
110,70,303
9,2,54
47,32,342
53,50,597
58,30,473
57,25,49
56,55,346
17,73,109
17,51,132
107,18,118
94,50,325
95,63,307
111,46,17
5,0,63
35,63,41
59,7,538
121,36,347
80,75,41
65,15,33
123,19,2
83,8,21
64,14,3
127,56,31
53,78,7
31,52,17
93,18,1
42,40,10177
53,60,9431
59,69,1180
65,40,13640
66,6,6876
66,78,11739
68,39,3507399
73,37,1410228
76,35,7231257
81,45,370801
85,50,266931
87,46,20160
88,30,20653
89,35,3379
93,68,7325
95,27,6243
35,75,1524
38,34,2635
53,13,4172
54,51,258
110,50,3990
97,76,6410
101,12,48
84,13,321
90,65,227
19,12,744
31,76,1287
81,74,3423
22,8,11
23,7,9
91,9,501
96,36,234
50,60,207
45,12,237
62,62,191
81,70,2427
101,44,43
46,15,5
58,50,245
105,0,29
69,56,464
92,37,62
36,48,53
56,75,290
60,21,349
65,17,145
100,15,9
74,75,5
34,10,26
78,63,21
2,2,71
66,19,61
28,32,15
29,19,6
89,7,3
99,27,92
118,78,47
112,11,20
44,26,42
84,1,1254
79,82,7
62,14,12
127,71,17
44,47,1
75,2,10
112,55,29
109,17,60
40,20,1
77,74,56
125,36,2
52,12,5
18,66,3
50,53,824
58,37,3558
65,74,14591
75,39,9725547
75,46,2643606
76,26,108588
79,48,330102
80,33,660369
81,39,3462097
88,59,22471
90,59,10450
93,56,11282
95,40,16341
98,40,5131
31,40,148
35,28,1011
36,81,126
53,12,1453
55,32,2913
59,44,3560
66,56,2024
101,78,1689
91,41,5938
93,2,126
117,35,108
101,5,381
104,11,126
42,20,50
43,19,48
95,61,264
51,41,1127
52,35,5
92,49,249
27,29,188
24,32,1435
12,2,60
88,39,896
92,79,192
50,24,43
74,68,50
21,32,231
94,52,61
74,65,187
123,16,238
65,67,2
35,65,73
37,9,320
51,60,62
74,61,13
26,22,30
116,39,1
46,3,6
48,63,57
76,15,57
25,54,3
105,54,35
62,69,4
23,60,3
13,59,2
59,19,35
33,64,1017
56,9,8326
63,37,31639
69,14,5544
70,30,72967
72,30,188755
73,38,12294001
74,50,526242
76,34,5051664
76,38,9605690
76,45,4486080
80,55,15699
81,51,440544
83,69,3101
90,29,11660
97,40,10247
116,16,5166
36,25,92
51,32,557
56,5,264
57,4,459
103,20,1013
49,15,62
52,66,807
26,81,152
69,68,543
26,29,142
16,12,247
84,24,48
75,21,74
117,36,173
121,40,201
46,22,160
55,14,269
59,81,65
79,72,11
48,48,23
36,7,31
47,60,17
58,66,82
96,79,41
65,82,11
36,60,15
120,73,5
48,53,8
32,54,1
85,16,20
111,72,308
46,65,23
39,79,211
127,54,2
31,73,3
38,17,22
60,77,11
55,19,1
88,67,20
1,61,1
46,20,4
118,29,67
25,10,13
93,6,17
104,32,226
106,56,9
31,59,521
47,74,579
55,15,7557
58,55,24753
61,40,29522
66,79,4512
69,22,74485
69,41,1042084
73,48,874649
74,51,395916
77,25,271954
80,58,6558
82,13,2638
86,38,258342
86,59,53103
87,53,16549
95,59,12279
43,71,3287
108,52,945
48,18,603
48,19,202
103,64,1294
97,77,1050
105,7,31
114,0,161
27,63,1165
31,66,4327
25,52,313
95,39,2821
16,13,467
76,9,527
93,51,27
59,40,195
97,48,1830
116,28,29
47,27,12
85,18,37
63,20,2283
31,33,21
47,8,159
106,16,217
15,51,42
18,13,359
110,3,3
23,67,38
46,76,222
38,7,21
127,35,16
53,66,57
121,0,10
125,65,6
3,66,16
58,28,91
98,41,62
107,33,10
53,9,815
14,55,3
36,35,23
66,16,2
32,70,10
59,61,61
41,57,78
106,73,21
95,21,5
128,43,5
42,64,7
79,25,12
16,17,8
29,5,9
79,73,38
103,18,83
114,1,2
94,19,1
